3896.4773263010816,3842.6406246821625,3905.202925044141,3905.6127818727864,3905.6127818727864,3905.7145200709447,3905.928541823481,3905.9295219357914,3905.9296847668084,3905.929923471521,
3903.866030316181,3900.9589702292515,3905.5764931889216,3905.5764931889216,3905.5764931889216,3905.5764931889216,3905.5764931889216,3905.5764931889216,3905.877980014615,3905.877980014615,
3903.2316976102566,3881.771876639205,3904.431148105397,3904.632732622884,3904.632732622884,3904.790767295801,3905.848515475,3905.848515475,3905.848515475,3905.8700085634505,
3905.764342573549,3882.349777078167,3905.4598195394424,3905.4598195394424,3905.929813411857,3905.929813411857,3905.9233637553903,3905.927986939983,3905.927986939983,3905.9299595240473,
3905.847041826389,3904.868398792791,3904.868398792791,3904.868398792791,3904.868398792791,3905.8576531131116,3905.8576531131116,3905.8576531131116,3905.8576531131116,3905.8576531131116,
3904.356214138639,3881.4793065617264,3903.23665108422,3904.3889629463188,3904.3889629463188,3904.3889629463188,3905.0141876907455,3905.6205814445034,3905.6205814445034,3905.6205814445034,
3902.6720671428156,3872.8572320405465,3904.862748707326,3904.925320319222,3904.9918602541297,3904.9918602541297,3905.570524141506,3904.925320319222,3904.925320319222,3904.925320319222,
3900.497631517555,3903.0767482226656,3904.339425700788,3904.339425700788,3904.489172740315,3904.8484209503954,3905.414662296995,3905.925550182434,3905.8334313503487,3905.8334313503487,
3903.6347676080386,3861.1476576741543,3902.053266520466,3903.3456448487595,3904.9746062943113,3904.9746062943113,3904.9746062943113,3905.835115210594,3905.835115210594,3905.885760778886,
3903.068170575824,3895.582770050293,3895.582770050293,3903.938316091026,3905.294745403973,3905.294745403973,3905.294745403973,3905.294745403973,3905.294745403973,3905.294745403973,
3904.614173886939,3721.9351450041445,3905.1178754615776,3905.1178754615776,3905.1178754615776,3905.1178754615776,3905.1178754615776,3905.365588118579,3905.714865628877,3905.714865628877,
3905.850236687354,3900.9081700274833,3900.9081700274833,3905.897718177159,3905.897718177159,3905.900551159891,3905.91230200078,3905.9286683546884,3905.92657178774,3905.9277351815567,
3904.409593075911,3880.630816823201,3905.7791138830685,3905.8773562203523,3905.8773562203523,3905.8773562203523,3905.8773562203523,3905.8879625246286,3905.8879625246286,3905.915792724899,
3905.17381574482,3803.16533506524,3903.88350292983,3904.4996918599472,3905.078131764313,3905.078131764313,3905.9289711031097,3905.8563980808754,3905.8899385699824,3905.928111224088,
3905.858325475162,3821.247407455149,3905.144456648772,3903.9001627487514,3903.9001627487514,3905.144456648772,3905.144456648772,3905.8284060377646,3905.8284060377646,3905.8649189210805,
3905.798531177469,3891.74876487623,3901.4245251478137,3903.9059649141054,3905.724305915576,3905.9127142924763,3905.9127142924763,3905.9127142924763,3905.9294990222,3905.9298650214164,
3905.7199866299666,3835.4486830069773,3902.321812682497,3903.761933431481,3905.3173160501447,3905.9249752951,3905.9249752951,3905.9249752951,3905.9249752951,3905.9249752951,
3903.8982902280886,3837.6415892377013,3890.780182585233,3904.884737826632,3904.884737826632,3904.962681283205,3904.962681283205,3904.962681283205,3904.962681283205,3905.843363975942,
3905.489473707376,3904.1888454891778,3905.506751647979,3905.506751647979,3905.5425179239733,3905.5425179239733,3905.884490488289,3905.884490488289,3905.884490488289,3905.884490488289,
3905.6122833667146,3867.7748381812708,3897.009216361771,3905.4407451636107,3905.9084830074926,3905.929714081473,3905.929714081473,3905.929714081473,3905.929714081473,3905.929428072884,
3905.4892025083354,3900.6535126959134,3900.6535126959134,3904.3991508940244,3905.31339550808,3905.31339550808,3905.7323246292344,3905.7323246292344,3905.8419815968155,3905.896608308623,
3905.777041027096,3804.6242810663034,3896.6073655048494,3904.8130277725695,3904.374602028512,3905.784007702728,3905.7389403064412,3905.843464981377,3905.874986173383,3905.874986173383,
3905.716674329091,3899.8119961750913,3899.8119961750913,3904.6596519860436,3904.821455451875,3905.1033336481732,3905.186497106781,3905.9171351772115,3905.7101650614486,3905.7101650614486,
3903.787410293941,3863.5045184948394,3903.232524254993,3903.232524254993,3903.589003070543,3905.126269739241,3905.126269739241,3905.126269739241,3905.126269739241,3905.126269739241,
3905.8426848804766,3897.1382826477193,3897.1382826477193,3905.2921599804713,3905.2921599804713,3905.2921599804713,3905.923604022471,3905.923604022471,3905.923604022471,3905.929253636972,
3902.31543012043,3790.635515786355,3904.9577789804534,3904.9577789804534,3904.9577789804534,3904.9577789804534,3904.9577789804534,3905.183023774986,3905.775234830509,3905.775234830509,
3905.323729450857,3885.419981672332,3904.3766365855568,3904.3766365855568,3905.2278067149555,3905.8528064527236,3905.926308029274,3905.926308029274,3905.929906795143,3905.929906795143,
3901.740671370426,3897.0804065004704,3897.0804065004704,3903.7587381870194,3904.410356901939,3905.3136298471645,3905.3136298471645,3905.3136298471645,3905.3136298471645,3905.359266891427,
3905.811141725601,3870.6497460647397,3904.4455664788,3904.4194464380357,3905.366015518386,3905.366015518386,3905.366015518386,3905.366015518386,3905.366015518386,3905.551293417031,
3904.1768165740136,3899.9726285190977,3900.505969650031,3904.7038836664415,3904.8933497119547,3904.8933497119547,3904.8933497119547,3904.8933497119547,3905.0117818350086,3905.0117818350086,
3901.693347154754,3780.471623041891,3904.5333227111337,3905.2101897689595,3905.2101897689595,3904.7099934957,3904.7099934957,3905.0040122251235,3905.1968168684734,3905.1968168684734,
3902.1611913038273,3902.1611913038273,3902.1611913038273,3905.2617653212847,3905.7403529812714,3905.913463388241,3905.9290038740883,3905.9295318276963,3905.9297757042596,3905.929978480747,
3904.436562724531,3886.3722135103767,3897.2940216847155,3905.055321324773,3905.055321324773,3905.749407842703,3905.8253087941857,3905.8253087941857,3905.907608371333,3905.9206156485197,
3904.348948270296,3893.755185580709,3904.213708371624,3905.544808811932,3905.544808811932,3905.8738652582792,3905.8738652582792,3905.8738652582792,3905.919750306987,3905.926039182891,
3905.426292438711,3901.820942652467,3901.820942652467,3904.517308462115,3904.946409837837,3905.558435338992,3905.89057336614,3905.89057336614,3905.9290650704493,3905.9290650704493,
3905.5026118196593,3889.981869434645,3904.9517934586156,3904.882005033306,3905.76283524495,3905.9286663050066,3905.929216221096,3905.929216221096,3905.929216221096,3905.929216221096,
3905.683249524965,3905.683249524965,3905.683249524965,3905.683249524965,3905.683249524965,3905.6919229320747,3905.6919229320747,3905.6919229320747,3905.6919229320747,3905.7791226271643,
3904.238216138842,3903.267942739782,3903.267942739782,3904.964591455271,3904.964591455271,3904.964591455271,3905.7049597935893,3905.9218184730057,3905.9218184730057,3905.9218184730057,
3902.417400453479,3883.0655620424836,3898.875796988863,3904.420977542793,3905.165812286425,3905.165812286425,3905.165812286425,3905.165812286425,3905.165812286425,3905.165812286425,
3899.9989195729227,3845.715350616896,3903.358079583122,3903.358079583122,3905.1883759692787,3905.1883759692787,3905.1883759692787,3905.1883759692787,3905.512777059266,3905.512777059266,
3905.669522613661,3841.0304047133004,3903.7154095173896,3904.825794398393,3904.825794398393,3904.825794398393,3904.825794398393,3905.1809280456296,3905.6831255915363,3905.878481947983,
3905.137886367866,3897.8661723815026,3904.805217175985,3905.2067095893717,3905.2067095893717,3905.2199579060084,3905.2199579060084,3905.2199579060084,3905.2199579060084,3905.2199579060084,
3905.223628879041,3864.70752457436,3904.048048102855,3904.4185464645634,3904.952443294098,3905.331106192498,3905.7415130515947,3905.7415130515947,3905.7415130515947,3905.8173727973667,
3905.320910348189,3866.9155331375446,3899.6406997601734,3905.8481705122385,3905.8913142862953,3905.8913142862953,3905.913159588239,3905.9214591560444,3905.924469585983,3905.9245988985795,
3905.220277542406,3862.0634104130345,3895.458069024042,3902.643701807247,3904.937136277665,3905.7129929975004,3905.7129929975004,3905.7129929975004,3905.7129929975004,3905.7129929975004,
3900.885835522936,3902.9784729279663,3902.9784729279663,3902.9784729279663,3904.717427903954,3904.9728839064137,3905.819552244744,3905.882348583445,3905.919404061996,3905.8966664541244,
3902.658593785358,3844.6305945094514,3897.407493455566,3905.254237342441,3904.916358641683,3904.916358641683,3904.916358641683,3905.258839697232,3905.258839697232,3905.258839697232,
3902.849760285348,3901.268595077814,3901.268595077814,3904.6004169097587,3905.1824830395244,3905.727183456089,3905.9011892715957,3905.9011892715957,3905.9299877994777,3905.925562443775,
3905.8156002441006,3897.8201446480807,3904.493924299893,3904.493924299893,3905.5082924940725,3905.928344087496,3905.9298796248413,3905.9298796248413,3905.9298796248413,3905.9298796248413,
3902.627814050662,3814.9713335137358,3894.1124838286355,3903.7425523081165,3905.109896481275,3904.955183512615,3904.955183512615,3904.955183512615,3904.9770324138735,3904.9770324138735,
3904.4235088806017,3834.832297042477,3896.2019765177515,3903.8498588507928,3905.91178682918,3905.9226786378495,3905.9036205873526,3905.9286823287775,3905.9287329769063,3905.9287329769063,
3905.801439489283,3846.7530074601927,3898.3651840841712,3905.055159162146,3905.055159162146,3905.55376739652,3905.915481267001,3905.915481267001,3905.915481267001,3905.915481267001,
3904.7092153677913,3902.3328287615504,3904.486896774152,3904.604902100977,3904.604902100977,3904.769899497568,3905.0191406376666,3905.2462894662212,3905.5414680117087,3905.5414680117087,
3905.362964413804,3883.464641083832,3903.1037614339525,3904.9676702853944,3904.9676702853944,3905.6155238679644,3905.868592796631,3905.9287142173516,3905.9287142173516,3905.9287142173516,
3905.3710009613797,3895.3293629454256,3905.4069993686626,3905.4069993686626,3905.4069993686626,3905.4069993686626,3905.4069993686626,3905.4069993686626,3905.4069993686626,3905.4069993686626,
3902.2480009757805,3900.1146386798846,3900.1146386798846,3904.159046625381,3905.8363626746877,3905.389066589023,3905.8363626746877,3905.8363626746877,3905.8363626746877,3905.8819437891684,
3904.6004427278704,3847.7307907376257,3903.7164367753862,3904.4827658647296,3904.4827658647296,3905.766044808054,3905.766044808054,3905.922233899903,3905.924466872196,3905.924466872196,
3904.964434130607,3902.0385823359434,3902.0385823359434,3905.6735967421755,3905.6735967421755,3905.6735967421755,3905.6735967421755,3905.6735967421755,3905.6735967421755,3905.6735967421755,
3903.9632191867745,3857.609677556107,3900.3495806374167,3900.898280305033,3904.626868731763,3905.0665182915063,3904.6530879245497,3905.0665182915063,3905.0665182915063,3905.0665182915063,
3905.7478667663468,3904.289972336119,3904.9092093807008,3904.9092093807008,3904.9092093807008,3905.8625232911168,3905.8625232911168,3905.9288895463737,3905.9295726521586,3905.9295726521586,
3905.7413648805446,3903.2553300586596,3903.2553300586596,3904.275960464936,3905.8996256375963,3905.910457036587,3905.9211279989245,3905.9211279989245,3905.9211279989245,3905.927440608225,
3904.2011249545953,3849.6738926513835,3902.4105027123665,3904.670707569164,3905.0248533021568,3905.0248533021568,3905.9141006529744,3905.9141006529744,3905.9141006529744,3905.9141006529744,
3903.6604690359313,3889.9195195988427,3896.3894766909248,3904.9730398632596,3904.9730398632596,3904.9730398632596,3905.2900453384777,3905.2900453384777,3905.2900453384777,3905.2900453384777,
3905.6048000691912,3856.538193260757,3904.518253993198,3903.9006123287163,3904.641014646467,3905.3805226875693,3905.3805226875693,3905.6380355914353,3905.8856097301937,3905.9299875867387,
3905.107695215898,3900.569386756515,3900.116659072525,3903.9459863961297,3905.0086096828177,3905.0086096828177,3905.0086096828177,3905.0086096828177,3905.0086096828177,3905.3385695928173,
3897.8949557765886,3831.2666719300564,3904.7436668603295,3904.7894663336137,3904.7894663336137,3905.68116235181,3905.7205713492162,3905.89026463255,3905.9014443854853,3905.9014443854853,
3904.9682204298792,3861.238068851545,3903.827142759912,3903.6892039327854,3905.2228553580953,3905.2228553580953,3905.2228553580953,3905.2228553580953,3905.2228553580953,3905.2228553580953,
3905.7247839200522,3905.5104765732317,3905.5104765732317,3905.5104765732317,3905.7048732755097,3905.9053222261027,3905.9053222261027,3905.9288333897484,3905.9299302218938,3905.9299302218938,
3903.1959553425863,3890.74220387126,3903.3511229574674,3903.3511229574674,3905.433504615339,3905.433504615339,3905.9018639526416,3905.9018639526416,3905.9018639526416,3905.9018639526416,
3905.2750273370184,3878.275725608638,3904.9333075481463,3903.4944339354583,3904.9333075481463,3904.8830252618795,3904.8830252618795,3905.3460063501393,3905.3460063501393,3905.3460063501393,
3904.9211877849207,3882.900071767178,3905.3071408766727,3905.3071408766727,3905.306447185885,3905.7073906417586,3905.9258525269934,3905.929419413682,3905.92997315198,3905.92997315198,
3902.6114578664374,3871.4773036407337,3900.603694272705,3905.327310307284,3904.10530704418,3905.327310307284,3905.371707300956,3905.327310307284,3905.454703811149,3905.86982580371,
3899.9231631059342,3892.5092832252003,3905.454842235632,3905.7717684426866,3905.7717684426866,3905.7717684426866,3905.7717684426866,3905.7717684426866,3905.7717684426866,3905.7717684426866,
3905.825883366226,3830.539289263486,3905.8431259205418,3905.8431259205418,3905.8431259205418,3905.8431259205418,3905.8431259205418,3905.8431259205418,3905.9002067887504,3905.9002067887504,
3902.8472125475387,3903.696339063203,3903.696339063203,3904.3353418605197,3905.632219378744,3905.206723963303,3905.206723963303,3905.206723963303,3905.0655425768796,3905.0655425768796,
3896.52716261039,3834.3037026897487,3904.8634384046754,3904.8634384046754,3904.8634384046754,3904.8634384046754,3904.972685591398,3904.972685591398,3904.972685591398,3904.972685591398,
3902.132190617939,3902.132190617939,3903.8800447248923,3905.3015078512904,3905.3015078512904,3905.3015078512904,3904.968606776938,3905.3015078512904,3905.3015078512904,3905.6078836769298,
3901.6762989566005,3891.7156478906127,3904.276700091366,3904.276700091366,3905.07118392908,3904.910945459857,3905.811251109992,3905.811251109992,3905.853162702234,3905.8551997634595,
3905.868339242443,3884.9728701525705,3905.08069439355,3905.08069439355,3905.8873758942946,3905.8873758942946,3905.8873758942946,3905.919589641338,3905.9240709838714,3905.9240709838714,
3905.7545424896134,3899.2217306988146,3904.172880586551,3904.172880586551,3905.191946221613,3905.8862642602467,3905.8862642602467,3905.926601532052,3905.926601532052,3905.9298912727154,
3905.196005102097,3879.4980348282515,3904.046333540231,3904.046333540231,3905.8232625936366,3905.8232625936366,3905.8232625936366,3905.9267538073555,3905.928061212271,3905.928061212271,
3905.3035479359896,3905.3035479359896,3905.3035479359896,3905.3035479359896,3905.3035479359896,3905.6422304416033,3905.885978890786,3905.9020852382555,3905.928304160935,3905.928304160935,
3904.2710691093157,3902.9123182553417,3904.0848532639097,3904.327305784419,3904.9338584366533,3904.9218975672,3904.942838254038,3904.942838254038,3904.951230974973,3904.953789063968,
3904.602382465976,3875.552002136616,3896.2731179456364,3904.7116260234297,3904.7116260234297,3905.1437542878903,3905.1437542878903,3905.1437542878903,3905.5946769634434,3905.5946769634434,
3903.7185176762637,3894.118142558554,3894.118142558554,3903.903042699443,3903.903042699443,3904.837405659168,3904.837405659168,3904.995992345821,3904.995992345821,3904.995992345821,
3899.3320555661608,3879.039769289367,3903.2179791109,3904.848667207947,3905.1253978229342,3905.1253978229342,3905.1253978229342,3905.1253978229342,3905.1253978229342,3905.1253978229342,
3902.359646567878,3902.421123955236,3902.421123955236,3904.477636997318,3904.8898682320905,3904.8898682320905,3904.8898682320905,3904.8898682320905,3904.8898682320905,3904.9414516806187,
3901.6331124313087,3903.072240201289,3903.072240201289,3905.3716041761136,3905.3716041761136,3905.3716041761136,3905.3716041761136,3905.810032356564,3905.8812688948287,3905.9270233128013,
3900.8885221832493,3882.8695080880843,3898.7878712268607,3905.8610786867575,3905.8610786867575,3905.9273724368586,3905.9273724368586,3905.9273724368586,3905.9273724368586,3905.9273724368586,
3903.546747394133,3875.870607066395,3903.704892852797,3904.2724094083974,3904.801116762703,3904.9717671411636,3905.9269556031627,3905.9269556031627,3905.9284892777205,3905.92922310205,
3905.460523672387,3904.69718650105,3904.69718650105,3905.9152456884867,3905.9152456884867,3905.9152456884867,3905.927388999097,3905.9267389749043,3905.9299869583424,3905.9299869583424,
3905.0449126404415,3801.778945314648,3904.4574057207615,3904.4574057207615,3905.1315731317304,3905.6095682263012,3905.6095682263012,3905.6095682263012,3905.6095682263012,3905.6095682263012,
3905.808592879224,3889.266639179367,3904.9307083407534,3905.0075867657483,3905.0075867657483,3905.0930465985716,3905.7096348353516,3905.8349968566613,3905.8349968566613,3905.8349968566613,
3905.9270429000103,3855.6831609810547,3900.999867910551,3904.7406555868365,3905.280509106688,3905.927273083277,3905.9262568401286,3905.9280314115235,3905.9299342295085,3905.929724696911,
3905.393089032934,3901.7270845791527,3905.1815706111825,3905.1815706111825,3905.827192816875,3905.9051490930547,3905.9051490930547,3905.91953345485,3905.923885465651,3905.9298015078352,
3904.1946334239724,3852.100648361958,3899.4877460616913,3904.7605013624425,3904.7605013624425,3905.0660253626584,3905.0660253626584,3905.195680467544,3905.195680467544,3905.195680467544,
3904.068361220979,3859.742284573504,3903.325716771794,3903.325716771794,3905.9055830239354,3905.9055830239354,3905.9055830239354,3905.9055830239354,3905.9270215966358,3905.9291998295867,
3905.8203522468116,3879.7670804091626,3902.1944908355645,3905.8802667116092,3905.8802667116092,3905.8381165290707,3905.8381165290707,3905.8748624556574,3905.9026944240545,3905.9296720730554,
3902.701880705178,3864.8654006478196,3889.8016597364312,3904.4045503753573,3904.4045503753573,3904.7846265043763,3904.7846265043763,3904.7846265043763,3905.1052380479136,3905.1052380479136,
3904.742431681072,3896.142307056795,3893.569036385027,3905.8344968447186,3905.8344968447186,3905.8344968447186,3905.8344968447186,3905.8768379604353,3905.9003180737436,3905.9263232223157,
3905.1633551696814,3807.639739233514,3903.7256684195977,3905.2935112222926,3905.7586314115133,3905.7586314115133,3905.7586314115133,3905.808114438779,3905.8344296690534,3905.8344296690534,
3905.674781316052,3876.436657720495,3905.833962656082,3905.833962656082,3905.833962656082,3905.833962656082,3905.833962656082,3905.833962656082,3905.833962656082,3905.833962656082,
3905.667663524025,3905.526971459088,3905.526971459088,3905.526971459088,3905.8253830334206,3905.8253830334206,3905.8253830334206,3905.8253830334206,3905.8253830334206,3905.8253830334206,
3905.8787617789085,3905.0983893202806,3905.5151018365964,3905.5990414085904,3905.5990414085904,3905.5990414085904,3905.9255658447314,3905.9255658447314,3905.9273881976906,3905.9273881976906,
3905.757940900197,3792.4691233783947,3900.422998902237,3904.9697066966146,3905.8508649793703,3905.8508649793703,3905.899028231937,3905.899028231937,3905.899028231937,3905.899028231937,
3904.565864580089,3904.565864580089,3904.565864580089,3905.061587873134,3905.061587873134,3905.1453840388035,3905.1453840388035,3905.1453840388035,3905.1453840388035,3905.1453840388035,
3905.91072079501,3873.3643558093777,3898.947051516982,3904.4064148429493,3904.932931767072,3905.8026876519098,3905.926361266954,3905.926361266954,3905.926361266954,3905.926361266954,
3903.3374300754112,3905.6537447557985,3905.6537447557985,3905.6537447557985,3905.6537447557985,3905.6537447557985,3905.6537447557985,3905.8290190070784,3905.855741529514,3905.922681974237,
3903.307173496935,3843.3283226308968,3904.6174269044413,3904.798561305629,3904.8675030548284,3904.8675030548284,3904.8675030548284,3905.9215662779116,3905.922863343033,3905.929999996501,
3902.61490369064,3836.8130406920113,3897.975327270122,3904.6426864734117,3905.002786918577,3905.002786918577,3905.002786918577,3905.002786918577,3905.002786918577,3905.002786918577,
3904.724606526365,3892.5853427942334,3904.312364411823,3904.312364411823,3905.03421992075,3905.03421992075,3905.03421992075,3905.195444594474,3905.195444594474,3905.4087583505666,
3903.699751437235,3867.1063786816826,3901.3216124840474,3902.470542844331,3904.3680652103253,3905.0569491847777,3905.415081151244,3905.8928317259906,3905.6452502031343,3905.8928317259906,
3902.4061590255214,3904.5377451923487,3904.5377451923487,3904.5377451923487,3905.602190464044,3905.602190464044,3905.85547205471,3905.9151625456234,3905.9267886988746,3905.9297797140966,
3905.328370261945,3897.399420333159,3903.601824905633,3904.6480663514344,3904.4271021655272,3904.8747876234042,3904.8747876234042,3904.8747876234042,3904.8747876234042,3904.8747876234042,
3904.794826698276,3801.5517664673375,3904.286837518233,3904.831300933952,3904.831300933952,3904.831300933952,3904.831300933952,3904.831300933952,3904.831300933952,3904.831300933952,
3904.026686417404,3894.585825646158,3904.88346652697,3904.88346652697,3905.4687296040534,3905.9266055514145,3905.9266055514145,3905.9266055514145,3905.9266055514145,3905.9295903526413,
3904.4525749052254,3877.642087292785,3895.8826981732254,3905.344286273645,3905.344286273645,3905.344286273645,3905.344286273645,3905.344286273645,3905.7666613458186,3905.7666613458186,
3904.663788247694,3895.292567013425,3905.7670045164305,3905.7670045164305,3904.824861512823,3905.7670045164305,3905.7670045164305,3905.7670045164305,3905.7670045164305,3905.7670045164305,
3903.5666883047857,3847.8486930313184,3902.312958390006,3905.4670686980508,3904.929371114653,3905.928252611075,3905.928252611075,3905.928252611075,3905.925279157354,3905.925279157354,
3902.0880769766254,3784.6667455394268,3902.718259664955,3905.1181965948863,3905.1181965948863,3904.9035981817538,3905.2344414471245,3905.2344414471245,3905.2344414471245,3905.2344414471245,
3905.629181931935,3899.563158854993,3902.543296703542,3904.9474288351303,3904.9474288351303,3905.856647366361,3905.856647366361,3905.8541837880593,3905.898495757269,3905.8998877186236,
3903.4683060487832,3848.388337806193,3903.6723766387977,3905.4877865070193,3905.4877865070193,3905.4877865070193,3905.8263234432134,3905.8340202666504,3905.8845008119865,3905.908439502364,
3905.379396091347,3903.797819779102,3899.379814729974,3903.995450503447,3905.0302381109054,3905.0302381109054,3905.929842866256,3905.929842866256,3905.9276523110234,3905.9292083702867,
3905.5920983352635,3813.7943245586985,3905.1874778084234,3904.8230254850055,3905.9026379830952,3905.9026379830952,3905.8879591141094,3905.9214228273536,3905.929775598753,3905.929775598753,
3903.7618900675166,3904.8535822906147,3904.8535822906147,3904.8535822906147,3904.8535822906147,3904.8535822906147,3904.8535822906147,3905.8743724765595,3905.8743724765595,3905.8743724765595,
3902.9980558157167,3807.844252454468,3905.582913023532,3905.582913023532,3905.582913023532,3905.582913023532,3905.582913023532,3905.582913023532,3905.582913023532,3905.582913023532,
3903.884517604772,3903.618903329068,3905.8685017066996,3905.8685017066996,3905.8685017066996,3905.8685017066996,3905.8685017066996,3905.8685017066996,3905.8685017066996,3905.8685017066996,
3903.658622608556,3883.447652358514,3887.075442294798,3904.9793365196583,3904.450683999848,3904.789158067733,3904.789158067733,3904.789158067733,3904.789158067733,3904.789158067733,
3905.6986630134024,3905.6986630134024,3904.2574530046227,3904.2574530046227,3904.2574530046227,3905.814667290161,3905.814667290161,3905.814667290161,3905.814667290161,3905.814667290161,
3905.929777983323,3904.4477503673215,3904.4477503673215,3904.5776544672976,3904.5776544672976,3904.875836659974,3905.838810047672,3905.899067240248,3905.9179088129495,3905.9179088129495,
3905.79577517106,3852.3227306252625,3904.7768400625505,3904.7768400625505,3905.731721288343,3905.8892889344793,3905.9293983860475,3905.9293983860475,3905.9293983860475,3905.9293983860475,
3901.6029113219347,3879.7661293814863,3905.679876590632,3905.679876590632,3905.679876590632,3905.679876590632,3905.679876590632,3905.679876590632,3905.679876590632,3905.679876590632,
3905.454742549636,3880.2094881990474,3896.2482112654793,3905.1979323652554,3905.1979323652554,3905.1979323652554,3905.1979323652554,3905.1979323652554,3905.1979323652554,3905.1979323652554,
3903.577912391173,3876.208847292544,3904.67728619504,3904.67728619504,3904.67728619504,3904.67728619504,3904.67728619504,3904.9509538765765,3904.9509538765765,3904.9509538765765,
3905.881640410113,3902.212210704541,3904.835798557367,3904.5544530801726,3905.8782753044006,3905.8782753044006,3905.9154468570387,3905.9288055936304,3905.9288055936304,3905.9297274217065,
3905.168682899156,3898.131940188327,3898.131940188327,3905.168682899156,3905.168682899156,3905.168682899156,3905.876989719601,3905.911739798359,3905.928950711876,3905.9296704267194,
3904.069895430103,3904.2090851182093,3904.2090851182093,3904.2090851182093,3904.5356479078905,3905.9182303467887,3905.9236130517716,3905.9281686514264,3905.9292806795934,3905.9299321289013,
3904.3630171121913,3887.4293482153726,3895.517509737863,3905.0465674208162,3905.0465674208162,3905.0465674208162,3905.0465674208162,3905.0465674208162,3905.229774986359,3905.229774986359,
3903.651948974743,3877.4279198549652,3901.523235614201,3901.523235614201,3902.638007497792,3905.2403157961817,3905.2403157961817,3905.2403157961817,3905.2403157961817,3905.2403157961817,
3902.662905339298,3880.872909441088,3903.24665435268,3903.24665435268,3904.8247536297763,3904.8247536297763,3904.9812788285044,3905.753689859585,3905.753689859585,3905.927675798328,
3904.43077040069,3903.957583536431,3905.0605115068083,3905.0605115068083,3905.0605115068083,3905.0605115068083,3905.0605115068083,3905.060536184098,3905.905270071718,3905.905270071718,
3904.906879629177,3905.1935411928357,3905.1935411928357,3905.1935411928357,3905.1935411928357,3905.7539757610944,3905.7960021154477,3905.7960021154477,3905.8363967361074,3905.8404182452937,
3904.3258361218027,3752.630758816087,3904.991815954402,3904.991815954402,3904.991815954402,3904.991815954402,3904.991815954402,3905.798452509135,3905.798452509135,3905.798452509135,
3900.8616159986914,3897.595686237613,3903.1613273185712,3904.8124712644617,3904.8124712644617,3905.0834199294536,3905.0834199294536,3905.0834199294536,3905.0834199294536,3905.0834199294536,
3904.6651548990026,3902.2777286884984,3902.2777286884984,3905.4241079902695,3905.9191214791495,3905.9244491169325,3905.9244491169325,3905.9244491169325,3905.925420960427,3905.9286601440467,
3903.589326261324,3791.041737823477,3900.8474493579283,3904.0209387941536,3904.908956944115,3905.0373152338093,3905.0373152338093,3905.0351571654282,3905.0351571654282,3905.0351571654282,
3905.538823829514,3843.986518611478,3902.6959139956953,3904.0570371155213,3904.7381712944425,3905.746240898312,3905.9256813945067,3905.9135496113963,3905.9296792353202,3905.9296792353202,
3905.4937668161137,3896.6668093264307,3896.6668093264307,3904.261047795132,3905.291274022546,3905.8995051575816,3905.8995051575816,3905.8995051575816,3905.8995051575816,3905.8995051575816,
3900.608391643387,3904.664958855905,3904.664958855905,3905.3547993948973,3905.3547993948973,3905.3547993948973,3905.3547993948973,3905.3547993948973,3905.3547993948973,3905.3547993948973,
3905.369026675586,3887.4661602322076,3904.2103712133135,3904.4463903150145,3905.788712159211,3905.788712159211,3905.9255661437833,3905.9163799638063,3905.9163799638063,3905.9255661437833,
3901.8046477026573,3794.595760515609,3905.8419153158,3905.8419153158,3905.8419153158,3905.8419153158,3905.8419153158,3905.8419153158,3905.9248595781614,3905.9248595781614,
3905.7259375569083,3890.466832721413,3905.812319750144,3905.812319750144,3905.812319750144,3905.812319750144,3905.812319750144,3905.812319750144,3905.812319750144,3905.812319750144,
3905.864204961942,3902.2350779374506,3905.197991600835,3905.197991600835,3905.8764800211725,3905.8764800211725,3905.8764800211725,3905.8764800211725,3905.889438049164,3905.889438049164,
3902.8426512838755,3854.8194434716042,3893.5060166256435,3903.7643833128623,3905.529595748401,3905.529595748401,3905.8850309513286,3905.9005660885823,3905.928827768184,3905.928827768184,
3900.8988429409787,3901.666062875409,3905.611947682051,3905.611947682051,3905.611947682051,3905.611947682051,3905.611947682051,3905.611947682051,3905.611947682051,3905.611947682051,
3904.295028401815,3885.390651810544,3901.5512180538,3905.924483197008,3905.924483197008,3905.5479496593493,3905.924483197008,3905.8965404372643,3905.8965404372643,3905.898905851589,
3902.7560445293484,3846.6080460271182,3905.6569758522605,3905.6569758522605,3905.6569758522605,3905.6569758522605,3905.6569758522605,3905.6569758522605,3905.6569758522605,3905.6569758522605,
3903.7480123578007,3903.077194047222,3903.077194047222,3904.5374830876635,3904.7388331925818,3904.9843466425873,3904.9843466425873,3904.9843466425873,3905.737727553718,3905.840639089043,
3905.3748112729836,3904.638742820103,3904.638742820103,3904.638742820103,3905.805863284601,3905.805863284601,3905.805863284601,3905.805863284601,3905.897925588175,3905.9286665895916,
3896.417675782544,3878.3366655020727,3905.4593838923506,3905.4593838923506,3905.4593838923506,3905.4593838923506,3905.4593838923506,3905.4593838923506,3905.4593838923506,3905.4593838923506,
3905.0319140636966,3895.3373980437477,3903.999961628973,3904.8907900350205,3905.0822514564907,3905.0822514564907,3905.0822514564907,3905.090550052485,3905.090550052485,3905.090550052485,
3905.8318039560804,3885.1727514823806,3898.093226554169,3901.757213211796,3905.1323322077897,3905.875643871826,3905.9223917502477,3905.9223917502477,3905.9223917502477,3905.9223917502477,
3905.202022105589,3902.64345262662,3905.7952514363656,3905.7952514363656,3905.7952514363656,3905.7952514363656,3905.7952514363656,3905.7952514363656,3905.7952514363656,3905.7952514363656,
3897.6285344488924,3722.814828599417,3891.4303764935694,3903.2512310769157,3904.0654858874495,3905.0677739727826,3904.5319011706665,3905.2616667530647,3905.2616667530647,3905.2616667530647,
3899.3685114293303,3887.546590819753,3890.9583500386098,3904.3845220723856,3904.759249924919,3904.759249924919,3904.759249924919,3905.724574530765,3905.9087430889685,3905.9087430889685,
3905.7553680504616,3842.2733237029433,3905.2587065337193,3905.409710613397,3905.89531249372,3905.89531249372,3905.89531249372,3905.9228782849605,3905.9290235520434,3905.929667022157,
3902.141564059445,3899.616882625015,3902.416332692154,3903.3960617738517,3904.911863438141,3904.911863438141,3904.911863438141,3904.968177320253,3904.968177320253,3904.968177320253,
3904.641289265849,3904.641289265849,3904.641289265849,3904.641289265849,3904.641289265849,3905.6057429200264,3905.8055376677307,3905.894487525779,3905.894487525779,3905.9125339542866,
3899.9922039150347,3863.4047725868736,3902.682326001839,3905.7788008048356,3905.8872991849667,3905.842421775466,3905.9254932075773,3905.9254932075773,3905.928214922284,3905.9296154395956,
3905.430680365382,3903.834748159685,3903.7653169346067,3904.2127332780847,3905.0385215004057,3905.691536240865,3905.7220558644326,3905.8421462101073,3905.9239350339753,3905.9239350339753,
3904.387839637287,3854.96659003643,3902.278195067111,3904.9564804302745,3905.0546412695217,3905.0546412695217,3905.0546412695217,3905.088744825033,3905.088744825033,3905.088744825033,
3904.470975345856,3890.759331677243,3903.7986637905256,3904.76319793727,3904.76319793727,3904.76319793727,3904.76319793727,3904.76319793727,3904.76319793727,3904.76319793727,
3904.3315500472304,3866.4845416529283,3904.6948839706342,3903.5210555802514,3904.6948839706342,3904.894627827855,3904.894627827855,3904.886976301912,3905.0318377147146,3905.0318377147146,
3905.3883453045155,3876.187220761135,3903.4312695778494,3905.4704254759645,3905.4704254759645,3905.4704254759645,3905.774514069496,3905.774514069496,3905.774514069496,3905.774514069496,
3905.149076994235,3796.8880925978,3900.977247566992,3904.7364591316777,3904.7364591316777,3904.857108044898,3904.9691328410318,3904.9359847223323,3904.9359847223323,3904.9359847223323,
3905.3788778366165,3800.106690369383,3902.6220679500743,3904.4971085510056,3905.911294817414,3905.911294817414,3905.911294817414,3905.9243005357007,3905.9284271258275,3905.929400536288,
3905.5590884719904,3877.250848788039,3905.3004760067224,3903.075868880397,3905.2608087988615,3905.9005763250516,3905.91925011582,3905.925926969082,3905.929950865123,3905.929950865123,
3905.686664966925,3886.2624441148114,3895.385154987176,3904.597823127927,3904.597823127927,3904.597823127927,3905.9069079559913,3905.7685625721733,3905.7685625721733,3905.7685625721733,
3894.6519168467526,3899.3657303536643,3902.3016555276345,3902.895524643344,3904.912242648287,3904.912242648287,3904.92055482483,3904.92055482483,3905.0188070552326,3905.0188070552326,
3905.3357555453035,3901.3610754369593,3901.3610754369593,3903.871494841854,3904.568295782187,3905.1682125510574,3905.7491193920614,3905.8091977128684,3905.8091977128684,3905.885671359752,
3904.4479489346986,3902.080879683236,3902.2744732394876,3903.55776320255,3905.846224588211,3905.846224588211,3905.846224588211,3905.846224588211,3905.928423620948,3905.928423620948,
3903.4886573121885,3894.995724022998,3894.995724022998,3905.515284277541,3905.515284277541,3905.914674102529,3905.914674102529,3905.914674102529,3905.922411220894,3905.922411220894,
3902.5831246872053,3892.253297261186,3903.0529154307524,3905.318011967156,3905.318011967156,3905.482415559138,3905.612493372812,3905.612493372812,3905.612493372812,3905.612493372812,
3904.520726910542,3900.706127839464,3902.679063905048,3905.1884741179147,3905.1884741179147,3905.7200372186444,3905.7200372186444,3905.902056626366,3905.919570073389,3905.919570073389,
3905.927759693269,3896.7139184951798,3896.7139184951798,3905.5256888403783,3905.8922419699456,3905.923993587473,3905.923993587473,3905.929620451704,3905.929620451704,3905.929620451704,
3893.492977005084,3893.492977005084,3893.492977005084,3903.3234315090963,3903.8839938835285,3904.4662333465317,3905.1162405802133,3905.1162405802133,3905.1162405802133,3905.1162405802133,
3902.8730097439757,3897.8204232167154,3897.8204232167154,3903.97900659608,3903.97900659608,3904.6673846597196,3905.2306324073484,3904.9768618084545,3905.2778999645516,3905.3511699810583,
3899.1086259032004,3885.3669545025623,3905.5405229686685,3905.5405229686685,3905.5405229686685,3905.5405229686685,3905.5405229686685,3905.5405229686685,3905.5405229686685,3905.5405229686685,
3904.935089933621,3897.3461753997885,3901.0544317679196,3904.611237306848,3904.611237306848,3905.0472637864964,3905.0472637864964,3905.784337013064,3905.784337013064,3905.784337013064,
3904.901870306061,3902.4214875356524,3902.4214875356524,3903.480714393463,3905.4053135493323,3905.4053135493323,3905.4053135493323,3905.5245102102976,3905.6530780827047,3905.6530780827047,
3901.2483530897402,3900.4279562397032,3900.4279562397032,3904.146231421992,3904.146231421992,3905.7606923304766,3905.7820238291843,3905.7921464743904,3905.797072020957,3905.7995008502307,
3874.0627972767375,3842.9888689939116,3899.9514495384146,3905.5449216511824,3905.5449216511824,3905.74046629861,3905.74046629861,3905.74046629861,3905.848769100334,3905.848769100334,
3903.715805221689,3903.715805221689,3903.715805221689,3903.9938324729637,3904.1304989375567,3905.4120579287674,3905.6743265894434,3905.6743265894434,3905.6743265894434,3905.6743265894434,
3904.8479247317805,3894.451913033727,3894.7725901649915,3905.705958762372,3905.705958762372,3905.705958762372,3905.8336554612692,3905.8336554612692,3905.8336554612692,3905.8336554612692,
3902.5107089963544,3868.038344112298,3905.3878978348052,3905.3878978348052,3905.3878978348052,3905.3878978348052,3905.3878978348052,3905.3878978348052,3905.3878978348052,3905.3878978348052,
3905.921503154415,3902.4072563046047,3903.240643325375,3903.240643325375,3905.1135672208593,3905.665077058967,3905.927082088844,3905.927082088844,3905.927082088844,3905.9293521942395,
3903.9106938519335,3866.8316761275696,3888.4228463940854,3904.668682584952,3904.8513654949343,3905.1562392982705,3905.1562392982705,3905.1562392982705,3905.1562392982705,3905.294002349215,
3904.6649062244346,3894.8858690491315,3901.074480520053,3904.9460159192254,3905.013082322928,3905.013082322928,3905.013082322928,3905.013082322928,3905.013082322928,3905.013082322928,
3903.708128717749,3903.4607060100966,3903.4607060100966,3903.4607060100966,3904.766014316484,3904.9614507568954,3904.9614507568954,3904.9614507568954,3904.9614507568954,3904.9614507568954,
3905.8918225443454,3905.8918225443454,3905.8918225443454,3905.8918225443454,3905.9299511100135,3905.9299511100135,3905.9299511100135,3905.9299511100135,3905.9299511100135,3905.9299511100135,
3904.454320420798,3896.514126463086,3896.514126463086,3904.207185207024,3904.745326320307,3904.745326320307,3904.745326320307,3905.6108052240083,3905.6108052240083,3905.6108052240083,
3904.279206750457,3903.9587453195795,3904.6846728079413,3905.5511471872055,3905.5511471872055,3905.5511471872055,3905.5511471872055,3905.5511471872055,3905.5511471872055,3905.5511471872055,
3902.716435859908,3892.6575676945463,3903.4555579120556,3903.4555579120556,3905.623621414686,3905.7445793967127,3905.7445793967127,3905.8585680688448,3905.8585680688448,3905.8836690528583,
3905.904329164449,3872.0390316714784,3902.290135510327,3905.5076893414343,3905.5076893414343,3905.5076893414343,3905.9278832279665,3905.9278832279665,3905.9289539163274,3905.9299962045748,
3902.760019180679,3898.234996237477,3904.366669130019,3904.366669130019,3905.6498475360086,3905.6498475360086,3905.7095375405006,3905.903324451398,3905.9215663592313,3905.9215663592313,
3904.871810379257,3843.7769154876673,3904.9853295839966,3905.1436760538745,3905.1436760538745,3905.481276162531,3905.7118974377595,3905.7118974377595,3905.7118974377595,3905.7118974377595,
3901.7148660243943,3904.2732603032364,3904.650542029753,3904.9177199074065,3905.863751452906,3905.9115055359775,3905.923560143064,3905.923560143064,3905.9256283288705,3905.926970927196,
3904.8235218548166,3891.2493599027225,3901.3417232767633,3904.668441696315,3905.0011082816472,3905.0011082816472,3905.0011082816472,3905.0011082816472,3905.0011082816472,3905.0011082816472,
3902.9544553997343,3785.115686832466,3903.779889986301,3903.779889986301,3903.779889986301,3904.8603459215606,3904.8603459215606,3904.9618453147104,3904.9618453147104,3905.122396020507,
3905.531104826846,3885.367629660594,3900.195357267921,3904.27996784544,3904.27996784544,3904.7608431874696,3905.4544489011946,3905.9260087799007,3905.9260087799007,3905.9260087799007,
3905.258332334693,3894.8308387230118,3894.8308387230118,3905.1468515403844,3905.3210898422044,3905.740656692021,3905.9298375979556,3905.9298375979556,3905.928680926943,3905.928680926943,
3899.986826260511,3903.0190068413926,3905.4658123804134,3905.4658123804134,3905.4658123804134,3905.4658123804134,3905.4658123804134,3905.4658123804134,3905.4658123804134,3905.4658123804134,
3903.344269091594,3890.579345283718,3904.868510485833,3904.868510485833,3904.868510485833,3904.868510485833,3904.868510485833,3904.8861103934278,3905.8462441190304,3905.2383900113,
3905.38026143823,3836.11586908576,3902.8090872137286,3905.1370250504265,3905.1370250504265,3905.1370250504265,3905.597536712041,3905.757057986586,3905.773598598171,3905.773598598171,
3905.2031083052007,3895.5269378212884,3900.2628936215956,3903.141644782235,3904.4911510215693,3904.706053770383,3904.706053770383,3904.708944528529,3904.708944528529,3904.793312738517,
3905.3353549289204,3887.430483528187,3899.765024161162,3903.7085937878387,3904.9783676415664,3904.9783676415664,3904.738580133292,3905.9219024265717,3905.9219024265717,3905.9219024265717,
3905.8387075271075,3892.6748341609064,3904.6743799655233,3904.8346160170113,3904.8346160170113,3904.8346160170113,3905.4025158253667,3905.4025158253667,3905.4025158253667,3905.4025158253667,
3899.3239402491604,3881.37228879093,3904.383190233472,3904.383190233472,3904.383190233472,3904.383190233472,3904.894828152999,3904.894828152999,3904.894828152999,3904.894828152999,
3904.611070634034,3892.7246253156186,3905.813889510532,3905.813889510532,3905.0256744452086,3905.742937395686,3905.742937395686,3905.742937395686,3905.742937395686,3905.742937395686,
3905.031249271289,3785.864400989781,3884.705641465207,3904.856001912425,3904.856001912425,3904.856001912425,3904.856001912425,3904.856001912425,3904.856001912425,3904.856001912425,
3905.925054581685,3891.6334604968656,3902.4824476556123,3904.948769788689,3904.948769788689,3904.948769788689,3905.6520506179995,3905.875432572622,3905.875432572622,3905.9177047673234,
3904.42630979651,3897.465731599525,3905.7008685797214,3905.7008685797214,3905.7226180757884,3905.7226180757884,3905.7226180757884,3905.7226180757884,3905.7226180757884,3905.7226180757884,
3903.3127775483017,3876.9432804590524,3905.423218624832,3905.423218624832,3905.423218624832,3905.423218624832,3905.423218624832,3905.8689496871043,3905.8689496871043,3905.923976451,
3904.678814338595,3888.4721221299365,3905.069577606839,3905.069577606839,3905.069577606839,3905.403679920804,3905.403679920804,3905.403679920804,3905.403679920804,3905.403679920804,
3888.6711213644885,3821.7969532614934,3905.920481679176,3905.920481679176,3905.920481679176,3905.920481679176,3905.920481679176,3905.920481679176,3905.920481679176,3905.920481679176,
3905.085836774137,3843.217703484916,3904.7438826690313,3905.107350298154,3905.8309189128927,3905.872983505903,3905.928641873892,3905.928641873892,3905.928833315372,3905.928833315372,
3904.912024166542,3888.476738473233,3901.5193218415857,3903.3849302406898,3904.6845930949626,3904.6845930949626,3905.337726334007,3904.8973881742913,3905.337726334007,3905.43686904565,
3905.7209284047135,3881.391062800744,3902.0948605249287,3903.81883941833,3904.9440184621644,3904.8908006315687,3904.8908006315687,3904.9440184621644,3905.2088837863944,3905.2088837863944,
3903.873747697055,3898.2855882467034,3904.4982993013236,3904.4982993013236,3904.850148812855,3905.581885185994,3905.581885185994,3905.908037061355,3905.920172718905,3905.92418150812,
3905.4672631172534,3870.0717436687587,3901.7750777562724,3905.784148909755,3905.8157456510844,3905.8157456510844,3905.8157456510844,3905.900993790767,3905.9202494624624,3905.925773397171,
3903.8706574700127,3832.8259343249597,3897.281701907993,3904.4782892760486,3904.4782892760486,3904.6416735345992,3905.1341558690233,3905.1341558690233,3904.889918040823,3905.1341558690233,
3903.682138729912,3869.8688042921594,3905.7757172567635,3905.7757172567635,3905.7757172567635,3905.7757172567635,3905.7757172567635,3905.7757172567635,3905.7757172567635,3905.7757172567635,
3905.863456870081,3900.5537834441598,3900.5537834441598,3904.4168571344267,3905.2310794394243,3905.849233495355,3905.9196059194423,3905.9196059194423,3905.9196059194423,3905.9265692495956,
3905.908526220511,3781.5157791246647,3905.2639428856814,3905.2639428856814,3905.797323762273,3905.797323762273,3905.797323762273,3905.920514884416,3905.920811760439,3905.9258541843174,
3905.401905962543,3787.399088785778,3898.8225239596604,3904.482241426925,3905.1796890984447,3905.1796890984447,3905.1796890984447,3905.530659468666,3905.813742760595,3905.813742760595,
3903.9034108812707,3873.020671209232,3900.5418326371278,3904.9936344532007,3904.9936344532007,3904.9936344532007,3905.2569798559234,3905.2569798559234,3905.2569798559234,3905.4348344906275,
3894.708576498872,3900.4369744211244,3900.4369744211244,3904.0543095108214,3904.4590546113373,3905.731643859075,3905.617982789519,3905.8881368714674,3905.8881368714674,3905.928838017078,
3903.859801620432,3831.8478241948887,3899.6638802312964,3905.4222547792256,3905.523674484346,3905.523674484346,3905.570118221054,3905.6030845979003,3905.608423458568,3905.611076224386,
3902.62994797268,3887.5474005390765,3905.0895248964616,3905.0895248964616,3905.0895248964616,3905.0895248964616,3905.0895248964616,3905.0895248964616,3905.0895248964616,3905.0895248964616,
3905.599011123544,3905.239429081828,3905.239429081828,3905.239429081828,3905.239429081828,3905.239429081828,3905.239429081828,3905.239429081828,3905.239429081828,3905.239429081828,
3905.180227027807,3905.674895024189,3905.674895024189,3905.674895024189,3905.674895024189,3905.674895024189,3905.9219901975916,3905.9219901975916,3905.929186339516,3905.929186339516,
3905.7651894899213,3805.0756879502146,3903.184383606182,3903.888070586526,3905.5658754283763,3905.892685083395,3905.892685083395,3905.892685083395,3905.8946339556837,3905.8706326501965,
3905.681878693879,3901.529458669553,3901.95766936899,3905.3648966999494,3905.3648966999494,3905.907374315232,3905.907374315232,3905.907374315232,3905.907374315232,3905.9205327299924,
3905.471610064942,3892.115917348038,3904.331597008457,3905.273233719853,3905.273233719853,3905.273233719853,3905.273233719853,3905.273233719853,3905.273233719853,3905.273233719853,
3905.9008880291876,3902.4786227744107,3905.491566148495,3905.491566148495,3905.491566148495,3905.491566148495,3905.491566148495,3905.6852654534227,3905.929017277914,3905.929017277914,
3905.8818017355816,3846.660970836365,3904.7663804875638,3905.011794754587,3905.011794754587,3905.9038146020857,3905.9264444764613,3905.9264444764613,3905.9277265934265,3905.9277265934265,
3905.053954809119,3895.3977354730364,3904.2513563146367,3905.721836775476,3905.8366297197463,3905.929769720508,3905.929769720508,3905.9299924842226,3905.9299924842226,3905.9299924842226,
3905.7799158332978,3837.917206374006,3895.886928103275,3905.594898992288,3905.594898992288,3905.594898992288,3905.594898992288,3905.594898992288,3905.594898992288,3905.594898992288,
3905.6401567558296,3902.2740711519914,3899.7092169915227,3904.318164519953,3904.318164519953,3905.234589525771,3905.015929294214,3905.015929294214,3905.015929294214,3905.015929294214,
3905.577775110231,3776.2085069378195,3900.808338945459,3905.577775110231,3905.577775110231,3905.577775110231,3905.577775110231,3905.577775110231,3905.9297978438326,3905.9297978438326,
3905.4607888492824,3835.9311325392914,3905.02302894307,3905.02302894307,3905.02302894307,3904.9846081572155,3904.9846081572155,3905.0209362204278,3905.6532024956655,3905.345609456098,
3903.873024471956,3898.9407726534237,3902.4863825730754,3902.4863825730754,3903.9150174088327,3904.8127484541383,3904.838129860908,3905.4619325122244,3904.9977840927004,3905.1590576962567,
3903.8930141660235,3893.711778838137,3902.5647987016096,3905.3023167349443,3905.3023167349443,3905.3023167349443,3905.3023167349443,3905.3023167349443,3905.3023167349443,3905.3023167349443,
3901.4549109570307,3869.7558730095475,3905.229830253169,3905.229830253169,3905.229830253169,3905.229830253169,3905.229830253169,3905.8907518832343,3905.8907518832343,3905.9262696864857,
3904.401283708781,3894.5996533804596,3904.224313313215,3903.5434466701927,3904.926303639965,3904.926303639965,3905.6486202969336,3905.913735068014,3905.9153641700714,3905.9149257357885,
3891.3535609857267,3813.628777393905,3879.608922412415,3902.135843472856,3905.2428930834003,3905.008598852293,3905.008598852293,3905.008598852293,3905.008598852293,3905.008598852293,
3901.6015054889594,3804.2927725336,3891.7924534937492,3903.5550513859916,3905.133618844493,3904.9613184365307,3905.5809356930026,3905.5809356930026,3905.5809356930026,3905.5809356930026,
3894.3558048284003,3902.1655517873637,3902.1655517873637,3904.5236674193216,3905.180288694714,3905.180288694714,3905.180288694714,3905.920390313465,3905.920390313465,3905.920390313465,
3903.6361279460807,3900.92018263442,3900.92018263442,3903.438999117244,3904.2856070030793,3905.78058183205,3905.8747394601633,3905.9296926953166,3905.9296926953166,3905.9299817922956,
3904.4703809683847,3902.3205434935526,3902.6626181394668,3905.8695399555986,3905.8695399555986,3905.8695399555986,3905.8695399555986,3905.8695399555986,3905.8695399555986,3905.8695399555986,
3905.550568491564,3874.767240049963,3904.7300547360637,3904.7300547360637,3904.953919641279,3904.953919641279,3905.5990850722333,3905.5990850722333,3905.5990850722333,3905.5990850722333,
3900.158352827638,3893.7148239733624,3893.7148239733624,3903.3088114798534,3905.2433881141674,3905.2433881141674,3905.2433881141674,3905.2433881141674,3905.2433881141674,3905.2433881141674,
3905.674051587333,3900.1997934309093,3900.1997934309093,3904.6825928187145,3904.8789583113207,3904.8789583113207,3905.521196935257,3905.521196935257,3905.9296554288408,3905.929521685788,
3905.448387065254,3856.7549596951185,3905.8421541970215,3905.8421541970215,3905.8421541970215,3905.8421541970215,3905.8421541970215,3905.8421541970215,3905.8421541970215,3905.8421541970215,
3905.875128088289,3885.9629283256704,3897.299845803806,3904.624300828338,3904.4101329799137,3905.875128088289,3905.890431604075,3905.9008578215494,3905.9008578215494,3905.927111228015,
3902.081931017145,3898.78225168752,3899.814175517893,3904.657855098167,3904.657855098167,3904.9932412847024,3904.9932412847024,3904.9932412847024,3905.0488736950088,3905.0488736950088,
3903.222384251621,3825.2007736797427,3893.6824969581153,3905.1392221270726,3904.992679392224,3904.992679392224,3905.6168244805017,3905.6168244805017,3905.776345888522,3905.776345888522,
3901.979944127484,3841.8330887818993,3905.033194634189,3905.033194634189,3905.033194634189,3905.033194634189,3905.926484738182,3905.926484738182,3905.926484738182,3905.926484738182,
3905.133681761727,3845.516232207568,3894.991214797191,3905.7938472120927,3905.7938472120927,3905.7938472120927,3905.7938472120927,3905.7938472120927,3905.7938472120927,3905.7938472120927,
3905.536783307411,3905.043331431651,3905.043331431651,3905.043331431651,3905.26934936833,3905.5615104337767,3905.7769636289527,3905.7769636289527,3905.894740678184,3905.819913642791,
3903.0384879982416,3905.6423031014856,3905.6423031014856,3905.6423031014856,3905.6423031014856,3905.6423031014856,3905.6423031014856,3905.6423031014856,3905.6423031014856,3905.6423031014856,
3901.5129687383474,3904.7333199041373,3905.3497254176364,3905.3497254176364,3905.3497254176364,3905.3497254176364,3905.3497254176364,3905.409106783527,3905.567710392138,3905.8114539976536,
3904.902993103394,3863.44278031002,3899.467715734619,3905.2591770372424,3905.2591770372424,3905.2591770372424,3905.2591770372424,3905.2591770372424,3905.2591770372424,3905.2591770372424,
3905.7817178154905,3905.7817178154905,3905.7817178154905,3905.7817178154905,3905.7817178154905,3905.7817178154905,3905.9049407972366,3905.9288940063434,3905.9288940063434,3905.928167488236,
3905.0737986728686,3833.410533675325,3904.9270111425158,3904.9270111425158,3905.894347410812,3905.894347410812,3905.9162664147475,3905.9186890077062,3905.919811564321,3905.9203506576628,
3905.71562460987,3843.932496955094,3905.7658380492344,3905.7658380492344,3905.7658380492344,3905.7658380492344,3905.90477259626,3905.929981792669,3905.929981792669,3905.929981792669,
3903.2904501019616,3840.8822606781696,3902.463407195005,3903.8696008145416,3905.110889986698,3905.110889986698,3905.110889986698,3905.110889986698,3905.110889986698,3905.110889986698,
3905.7711018864406,3822.7702469531087,3904.0411073212667,3904.8549126863863,3905.1592764574184,3905.1592764574184,3905.1592764574184,3905.634246868848,3905.634246868848,3905.634246868848,
3904.279160003875,3903.935818092985,3903.935818092985,3903.935818092985,3904.5366578536646,3905.0948922261728,3905.8996144989164,3905.9263932370845,3905.9299942947323,3905.9299942947323,
3905.378371750139,3904.3229753324813,3898.966685633478,3904.3229753324813,3905.1034748543766,3905.1034748543766,3905.12606299909,3905.6705118768436,3905.6705118768436,3905.7573022912125,
3904.203384319727,3901.949105663591,3903.9875315200607,3903.9875315200607,3905.016478256319,3905.016478256319,3905.016478256319,3905.016478256319,3905.016478256319,3905.016478256319,
3901.5778219901836,3903.2304807866444,3904.4426614882996,3905.0443755885117,3905.0443755885117,3905.0443755885117,3905.0443755885117,3905.0443755885117,3905.0443755885117,3905.0443755885117,
3902.7016089834797,3811.8956939954733,3904.492312407533,3904.7117773582872,3905.2175366756196,3905.2175366756196,3905.2175366756196,3905.2175366756196,3905.2175366756196,3905.2175366756196,
3904.471987877709,3901.0829200528615,3901.0829200528615,3903.9336908199452,3903.9336908199452,3904.598270119619,3904.85097949516,3904.8801580470963,3904.910740258692,3905.05295975083,
3905.7405769228913,3889.6033937009247,3899.99506435835,3903.7569059319367,3905.756235402884,3905.865984272853,3905.8448123399435,3905.9264676398084,3905.9264676398084,3905.9264676398084,
3903.694744697939,3902.733174960172,3904.655948156519,3904.655948156519,3905.4584199081587,3904.655948156519,3904.655948156519,3905.828984946521,3905.9169425144423,3905.926050730199,
3905.727872750956,3897.581733994624,3900.754974158161,3905.046393114418,3905.046393114418,3905.046393114418,3905.046393114418,3905.046393114418,3905.046393114418,3905.046393114418,
3905.8269061570695,3904.9565807052713,3904.9565807052713,3904.9565807052713,3904.9565807052713,3904.9565807052713,3904.9565807052713,3904.9565807052713,3904.9565807052713,3904.9565807052713,
3905.467936230824,3881.2647031547735,3896.8106385408128,3904.9897201973718,3904.9897201973718,3905.213218694837,3905.5558400156183,3905.5558400156183,3905.752434104502,3905.8310132961465,
3903.391992616766,3897.3012547456633,3903.860721691221,3905.111047988041,3905.111047988041,3905.2995391704894,3905.2995391704894,3905.2995391704894,3905.2995391704894,3905.2995391704894,
3905.114973602005,3813.872201477136,3904.3536064095724,3904.3536064095724,3904.977698610028,3904.858757668594,3904.858757668594,3905.3730444416988,3905.6864216950576,3905.9021614350245,
3905.040748603015,3875.9623673907745,3904.5434054006464,3905.5466947844857,3905.5466947844857,3905.834826175896,3905.872766844419,3905.9299322479887,3905.9299322479887,3905.9299322479887,
3902.6635175129545,3777.511264060026,3905.583746607053,3905.583746607053,3905.583746607053,3905.583746607053,3905.583746607053,3905.583746607053,3905.583746607053,3905.583746607053,
3905.882225893927,3891.5391766693274,3904.1711372592686,3904.920583780789,3904.920583780789,3905.9274212902574,3905.9274212902574,3905.9274212902574,3905.9274212902574,3905.9299168337525,
3903.825554524673,3848.3858569151216,3893.3235258380896,3899.27177561115,3904.647369369711,3904.647369369711,3904.647369369711,3904.9460769112097,3904.888518256275,3904.991154218798,
3903.634349903027,3890.775309145389,3890.775309145389,3901.569794579777,3905.0894962008815,3905.0894962008815,3905.0894962008815,3905.893015799735,3905.894528973835,3905.894528973835,
3904.2480451534802,3903.2057415129993,3905.2676544162873,3905.2676544162873,3905.2676544162873,3905.2676544162873,3905.8478893487104,3905.929049647832,3905.929049647832,3905.929049647832,
3905.2387262226725,3904.2405838040413,3904.2405838040413,3904.2405838040413,3905.2475577818227,3905.2475577818227,3905.2475577818227,3905.7890425303667,3905.2475577818227,3905.2475577818227,
3903.9987476526276,3903.9987476526276,3904.65484832372,3904.65484832372,3905.7747558961287,3905.7747558961287,3905.9291596713697,3905.9209587025834,3905.9209587025834,3905.929794178233,
3903.2820128385088,3867.4412020546383,3902.9417707318885,3905.3193231503874,3905.3193231503874,3905.3193231503874,3905.3193231503874,3905.3193231503874,3905.3193231503874,3905.3193231503874,
3903.971061872602,3841.1501603783613,3899.7911725198005,3903.583814748982,3905.88246333924,3904.7927134829397,3905.899246253964,3905.899246253964,3905.9219472632967,3905.9284328435438,
3905.5416225522017,3898.2344997876025,3904.3516128082,3904.794262327328,3904.794262327328,3905.62454451494,3905.9272513548326,3905.9291065331777,3905.9291065331777,3905.9291065331777,
3899.0428732100095,3897.1195338410844,3897.1195338410844,3903.890582100803,3905.855092146188,3905.855092146188,3905.855092146188,3905.924609542955,3905.9251251670785,3905.9288053577957,
3905.6309409696682,3899.860031145092,3903.4091110445415,3904.212598284081,3904.5131642347915,3905.7634408049125,3905.7634408049125,3905.919873280898,3905.9212392550385,3905.9212392550385,
3902.118722815918,3860.2074254274835,3904.3924965841993,3904.3924965841993,3904.3924965841993,3904.5881231614153,3905.9212628363334,3905.9212628363334,3905.9212628363334,3905.9212628363334,
3903.7685207106406,3861.097334722368,3899.9188749680534,3901.2598471238007,3904.0395585194797,3904.923507029386,3905.0704425822,3905.0704425822,3905.4997469616046,3905.7053387039246,
3902.6122934232244,3899.2972152080806,3899.2972152080806,3903.8307893030537,3904.9350721801065,3904.9350721801065,3904.9350721801065,3904.9350721801065,3904.9350721801065,3904.9730284915,
3905.3409028117653,3895.0314794318037,3905.3240710217115,3905.3240710217115,3905.3240710217115,3905.757618356397,3905.757618356397,3905.8276814152932,3905.9134959553453,3905.9267554626895,
3902.184421879468,3811.9608215150015,3905.339882824722,3905.339882824722,3905.339882824722,3905.339882824722,3905.339882824722,3905.339882824722,3905.339882824722,3905.339882824722,
3899.1485698757083,3857.6312059708152,3904.1583267285146,3905.1528111299076,3905.1528111299076,3905.1528111299076,3905.1528111299076,3905.1528111299076,3905.1528111299076,3905.1528111299076,
3904.4546190529923,3845.3720983282947,3899.475513588044,3905.865854661694,3905.865854661694,3905.532884474754,3905.851226071511,3905.851226071511,3905.89286646973,3905.89286646973,
3905.4219760798305,3905.5547693330395,3905.5547693330395,3905.5547693330395,3905.5547693330395,3905.5547693330395,3905.5547693330395,3905.5547693330395,3905.5547693330395,3905.5547693330395,
3905.7506149875085,3898.0331226438607,3904.9708733240695,3904.9708733240695,3905.2437900402947,3905.8318044997836,3905.889830139683,3905.9154082726654,3905.9000585135786,3905.9180163364877,
3905.872092476153,3901.4646660546036,3901.4646660546036,3903.715108992599,3905.271292250121,3904.776055408485,3905.8020755580983,3905.8020755580983,3905.8020755580983,3905.824440862398,
3903.5324552839647,3880.7315726007837,3904.6624125129492,3904.6624125129492,3904.6624125129492,3904.9125455677968,3905.1404721605873,3905.285843473817,3905.7369913143834,3905.7369913143834,
3905.1343444369,3905.1343444369,3902.779994972909,3905.854217377149,3905.880689517353,3905.917989980241,3905.917989980241,3905.917989980241,3905.917989980241,3905.929817688165,
3905.878785536764,3894.991555826028,3905.922902443455,3905.922902443455,3905.84659184075,3905.871452721122,3905.891157444485,3905.9270486090754,3905.9270486090754,3905.9290312460507,
3905.708095571665,3851.0048427128127,3900.9879546577868,3903.4397212193257,3905.91645259223,3905.91645259223,3905.923975906966,3905.923975906966,3905.923975906966,3905.9298276815853,
3902.7086977066233,3833.8784577565393,3898.4389556476485,3904.7924372941948,3904.7924372941948,3904.7924372941948,3905.9110359185383,3905.9110359185383,3905.9110359185383,3905.9110359185383,
3904.6264597448567,3895.08894207453,3902.6565402854417,3902.6565402854417,3904.3489203691397,3905.360570163812,3905.360570163812,3905.9258143609827,3905.9258143609827,3905.9258143609827,
3903.0627241956445,3872.0411996000958,3905.3166559588612,3904.602771537154,3904.602771537154,3904.602771537154,3905.3166559588612,3904.7132880774957,3905.3166559588612,3905.3166559588612,
3905.200024766626,3884.2352868965963,3904.5581842245065,3905.018721676327,3905.018721676327,3905.018721676327,3905.2902086963413,3905.7122951410247,3905.902306859647,3905.902306859647,
3905.7496965559226,3899.2622256796894,3899.2622256796894,3905.078448482294,3905.1871192712615,3905.8857487067094,3905.8857487067094,3905.8981678591213,3905.928508158661,3905.9299624510445,
3905.2706235848973,3884.071333048186,3903.486014330462,3904.503624807208,3904.974829870463,3904.974829870463,3904.974829870463,3904.974829870463,3904.974829870463,3905.0829512583564,
3904.487116505155,3885.9678344599597,3904.311641761184,3904.429829278681,3905.544818294009,3905.544818294009,3905.888766544953,3905.888766544953,3905.9077397988713,3905.9077397988713,
3905.7821319272666,3881.9998690594143,3904.041170864557,3904.041170864557,3905.3229387103024,3905.9258277924587,3905.9258277924587,3905.9258277924587,3905.9258277924587,3905.929467781734,
3896.6736593829,3891.6786628178766,3891.6786628178766,3903.5995097836153,3905.8830129012586,3905.8830129012586,3905.8308792808634,3905.9154472684886,3905.9154472684886,3905.9243937167,
3902.820643569732,3885.8939771402906,3905.481454972613,3905.481454972613,3905.481454972613,3905.8497947087267,3905.8497947087267,3905.786751265687,3905.8530177313346,3905.8530177313346,
3905.6989177768896,3834.3199086178142,3897.94368580918,3905.220588505161,3904.6797532452356,3904.6797532452356,3904.7409594756377,3905.6780595857203,3905.0855307943384,3905.9027729177033,
3903.0083900963714,3845.4053201387537,3904.821793381524,3903.032719391211,3904.1059250545923,3905.0237681829076,3904.990100776452,3904.990100776452,3905.074324994562,3905.074324994562,
3900.144219790426,3900.70332958818,3900.70332958818,3904.670638183084,3904.670638183084,3905.5151238723215,3905.5151238723215,3905.911764012254,3905.911764012254,3905.9189670893625,
3904.6409305479247,3858.9424151540684,3902.4128104481556,3903.2795720902604,3905.384333248489,3905.384333248489,3905.384333248489,3905.384333248489,3905.384333248489,3905.601348748966,
3904.547672239743,3898.1607751867436,3904.8357978358936,3904.866703120795,3904.866703120795,3904.881665712389,3904.9657066698387,3905.2148734095017,3905.2148734095017,3905.2148734095017,
3903.364840192322,3901.803864639613,3905.5786503385034,3905.5786503385034,3905.5786503385034,3905.5786503385034,3905.5786503385034,3905.5786503385034,3905.5786503385034,3905.5786503385034,
3905.1544783306035,3866.9821680002656,3900.737030242198,3904.8934652165376,3904.8934652165376,3904.8934652165376,3905.925287376294,3905.925287376294,3905.925287376294,3905.925287376294,
3904.6475939932648,3905.1394062928807,3905.1394062928807,3905.16735025119,3905.16735025119,3905.16735025119,3905.16735025119,3905.16735025119,3905.9242341488157,3905.8406804513043,
3903.1882179102404,3883.202867057772,3900.817516201488,3904.796289503964,3904.796289503964,3904.796289503964,3905.910429634883,3905.928917425047,3905.928917425047,3905.928917425047,
3904.8292087232744,3869.4779643342486,3903.405144518626,3905.802908135192,3905.802908135192,3905.820290258411,3905.928961735218,3905.928961735218,3905.928961735218,3905.928961735218,
3905.7282298107884,3866.595531604032,3905.381058326337,3905.381058326337,3905.381058326337,3905.381058326337,3905.8009202563067,3905.9098825928954,3905.9105957950264,3905.92995848841,
3904.461704619993,3845.2220195847926,3901.923368329943,3904.1493038556496,3904.8400300810817,3905.006704052668,3905.0080684519985,3905.0080684519985,3905.0080684519985,3905.0080684519985,
3904.530809093467,3871.118906024251,3904.2172297455386,3905.33199901898,3904.8722006223634,3904.8722006223634,3905.814997101122,3905.814997101122,3905.9285158876573,3905.9285158876573,
3905.653399523191,3890.845595358958,3904.0533017896823,3904.5810963586896,3905.486993907646,3905.8604418683344,3905.8604418683344,3905.9268751086606,3905.928259529349,3905.9295772415444,
3903.325637429695,3869.1293750569425,3905.8433610612187,3905.8433610612187,3905.8433610612187,3905.8433610612187,3905.8433610612187,3905.8433610612187,3905.915555008552,3905.915555008552,
3904.1350286388015,3858.003065796962,3904.7184928347615,3904.7184928347615,3905.920974524614,3905.920974524614,3905.9223492998844,3905.9223492998844,3905.9223492998844,3905.9223492998844,
3905.0298098207745,3864.861621869344,3898.9026990267294,3903.5243287065227,3904.8719825253,3905.019793987953,3905.019793987953,3905.284922913738,3905.6837215906157,3905.9102924833282,
3905.1887768905463,3905.1887768905463,3905.1887768905463,3905.1887768905463,3905.1887768905463,3905.1887768905463,3905.1887768905463,3905.1887768905463,3905.1887768905463,3905.1887768905463,
3904.133009695885,3865.127890244242,3904.661086145139,3904.661086145139,3905.0534467213824,3905.0534467213824,3905.0534467213824,3905.0534467213824,3905.0534467213824,3905.0534467213824,
3905.9168765329246,3905.717323665443,3905.717323665443,3905.858084460599,3905.858084460599,3905.921782422738,3905.9286396711977,3905.9286396711977,3905.9286396711977,3905.9286396711977,
3905.1289461070382,3817.187465676275,3893.7149059163276,3905.1887907731593,3905.1887907731593,3905.867359589377,3905.8853058873606,3905.916914086502,3905.9278019096373,3905.9278019096373,
3904.9419975416963,3880.9135072552895,3902.3054733665717,3905.026368917084,3904.8013521829216,3904.8013521829216,3905.6607398177744,3905.9268869158323,3905.9268869158323,3905.9268869158323,
3905.0220946485892,3865.924671670562,3895.551155277665,3904.6662094381327,3904.6662094381327,3904.9466267169796,3904.9466267169796,3904.9466267169796,3904.9466267169796,3905.1348153464382,
3904.193661663257,3895.8897868572803,3904.7741452660935,3904.7741452660935,3904.7741452660935,3904.7741452660935,3905.526978908471,3905.9252659057365,3905.9252659057365,3905.9252659057365,
3901.1067341108374,3898.2636483179267,3903.874898307472,3903.874898307472,3903.874898307472,3905.9257517409656,3905.681325709337,3905.681325709337,3905.9257517409656,3905.9280117555018,
3902.37181195596,3764.0727079160183,3904.926478924027,3904.393148276881,3904.7596286374037,3904.8624212218333,3904.8624212218333,3904.926478924027,3905.2640669890684,3905.2640669890684,
3904.9932900539616,3892.567242691653,3897.8808493967676,3904.5919889893344,3904.5919889893344,3904.5919889893344,3905.5769604752554,3905.5769604752554,3905.8646240886105,3905.9100433934477,
3905.034537896671,3816.223646912634,3904.625259745407,3904.625259745407,3904.625259745407,3905.5070539701787,3905.4151489270616,3905.4151489270616,3905.691185205588,3905.8200876622336,
3891.9184172790297,3849.323639448354,3902.5007596361343,3904.4151263869267,3904.831286080725,3905.6773654303583,3905.7825685923576,3905.7825685923576,3905.879659630272,3905.879659630272,
3902.681311082599,3903.0986435092254,3905.2128172473567,3905.2128172473567,3905.2128172473567,3905.2128172473567,3905.2128172473567,3905.3637210097886,3905.3637210097886,3905.3637210097886,
3900.5958941664253,3869.9883318182597,3905.184797129069,3905.184797129069,3905.9192255635076,3905.9192255635076,3905.9192255635076,3905.9192255635076,3905.9192255635076,3905.9192255635076,
3905.053775849081,3867.708251224811,3905.012124828397,3905.012124828397,3904.198821968707,3905.012124828397,3905.3103543541347,3905.3103543541347,3905.3103543541347,3905.1380300210853,
3903.200803644505,3885.807872286485,3904.8584444367757,3905.5305539118604,3905.5305539118604,3905.8175453825424,3905.9157199870197,3905.919401987235,3905.924709589247,3905.924709589247,
3905.8767846899814,3890.344637250578,3903.83701716524,3904.2597497416473,3905.1126125784585,3905.203470731034,3905.7385231857897,3905.914251396126,3905.914251396126,3905.9223579231643,
3904.3878064885403,3891.2794981612396,3903.2909702276856,3904.1740807349875,3905.910858296205,3905.910858296205,3905.9294559395576,3905.9294559395576,3905.9294559395576,3905.9294559395576,
3904.323750213588,3901.3375370586555,3901.3375370586555,3904.5473631096697,3905.844188554554,3905.844188554554,3905.844188554554,3905.844188554554,3905.844188554554,3905.844188554554,
3904.2473034653517,3850.956813426713,3903.2749725219055,3904.330280889207,3905.921296519137,3905.921296519137,3905.630755820036,3905.8389699701297,3905.8676661090976,3905.8676661090976,
3901.743705631528,3889.852456141552,3890.4205256472032,3899.6050762844025,3903.7218885507573,3904.9605705058916,3905.053093235745,3905.053093235745,3905.053093235745,3905.053093235745,
3904.5640970298095,3882.553414695738,3899.739171318115,3903.0842370253636,3905.2392976206497,3905.2392976206497,3905.2392976206497,3905.2392976206497,3905.906774703016,3905.906774703016,
3900.477466237862,3856.637842841065,3905.025567160347,3903.6436010356156,3905.267264741424,3905.2492367005693,3905.2492367005693,3905.2492367005693,3905.2492367005693,3905.2492367005693,
3905.4017276513146,3870.230153618421,3904.976188556125,3904.976188556125,3905.920786170749,3905.9299068724004,3905.9299068724004,3905.9299068724004,3905.9299068724004,3905.9299744792525,
3903.1335503559067,3889.8107171606293,3905.4064657443764,3905.4064657443764,3905.4064657443764,3905.4064657443764,3905.4064657443764,3905.822331388359,3905.9229282164797,3905.9243840329577,
3904.010107881718,3904.852883020723,3904.852883020723,3904.852883020723,3904.938420594144,3904.938420594144,3904.938420594144,3904.938420594144,3904.938420594144,3905.0890447741276,
3905.927865068312,3901.4910619620005,3903.7208861462,3903.7208861462,3905.8728555023417,3905.6888469336454,3905.6888469336454,3905.8728555023417,3905.898670256618,3905.898670256618,
3905.43028053113,3883.880449675588,3905.8454317732503,3905.8454317732503,3905.8454317732503,3905.8454317732503,3905.92700556422,3905.9258081754238,3905.929156447952,3905.929156447952,
3905.5611241566544,3892.711817719236,3901.226619994636,3903.4437182923793,3904.823400443802,3905.9114516399663,3905.9114516399663,3905.92341850594,3905.9280819481432,3905.928993186206,
3905.3826199754576,3905.3826199754576,3905.3826199754576,3905.3826199754576,3905.3826199754576,3905.3826199754576,3905.3826199754576,3905.3826199754576,3905.3826199754576,3905.3826199754576,
3905.0648805077576,3903.291931463597,3903.291931463597,3903.291931463597,3904.8366133692607,3905.4548034067484,3905.920049025174,3905.920049025174,3905.926945339216,3905.926945339216,
3905.895845240544,3844.142342619191,3902.2344899525183,3905.8334605651207,3905.2956554742245,3905.2956554742245,3905.4157908515513,3905.4157908515513,3905.554435387907,3905.7592938084276,
3905.7451681819052,3901.048514561579,3902.7777348508444,3904.7724575574275,3905.7457356970467,3905.902868301434,3905.9260036104265,3905.928845580661,3905.928845580661,3905.9295102852784,
3904.504353765247,3903.3374453297815,3903.3374453297815,3903.7913580830113,3905.7399794263997,3905.9288051071685,3905.9288051071685,3905.9288051071685,3905.929370633257,3905.929370633257,
3905.6942304646755,3905.6942304646755,3899.2457305119524,3905.6942304646755,3905.6942304646755,3905.6942304646755,3905.910273162949,3905.910273162949,3905.860756713781,3905.910273162949,
3905.901343525008,3850.9389984549025,3903.7742864985007,3905.1960969751235,3905.1960969751235,3905.1960969751235,3905.1960969751235,3905.1960969751235,3905.1960969751235,3905.8732118541548,
3901.456989790338,3853.6898444614344,3898.2377929874215,3904.3066330455695,3905.210898359763,3905.210898359763,3905.8108282681583,3905.666432415902,3905.883573713649,3905.927580455666,
3905.6109248277603,3877.751444317197,3905.1897603637935,3905.928748717446,3905.928748717446,3905.928748717446,3905.928748717446,3905.9298318860456,3905.9298318860456,3905.9298318860456,
3905.152630004732,3861.4134108891326,3903.664722256956,3903.664722256956,3904.967155534743,3904.967155534743,3904.967155534743,3904.967155534743,3904.967155534743,3904.967155534743,
3905.7530344447105,3905.74155223711,3905.74155223711,3905.74155223711,3905.74155223711,3905.78230606688,3905.8434240837755,3905.9225538946125,3905.9225538946125,3905.9297604427325,
3902.8409979241915,3857.3781495334233,3903.938466833517,3905.0706766685985,3905.527287395637,3905.527287395637,3905.9249158813154,3905.9249158813154,3905.9249158813154,3905.9249158813154,
3904.8014358320593,3903.509330510248,3903.509330510248,3905.9258662711322,3905.9258662711322,3905.9258662711322,3905.9258662711322,3905.929092263892,3905.9294295531863,3905.9294295531863,
3905.802794841125,3900.947120503407,3904.368498020887,3904.368498020887,3905.255364356211,3905.4903024438936,3905.4903024438936,3905.4903024438936,3905.4903024438936,3905.4903024438936,
3905.1303765895746,3905.747507936447,3905.747507936447,3904.639103177657,3905.432410776271,3905.432410776271,3905.747507936447,3905.747507936447,3905.8794655851925,3905.8851599581217,
3902.6459921489636,3905.092797014882,3905.092797014882,3905.092797014882,3905.092797014882,3905.092797014882,3905.092797014882,3905.092797014882,3905.092797014882,3905.092797014882,
3905.3595703322553,3902.5046064178805,3904.649537550328,3904.649537550328,3904.9930559435584,3904.8570863942086,3904.9930559435584,3904.9930559435584,3904.945379042201,3905.3132266562275,
3905.3031989273222,3905.3031989273222,3905.3031989273222,3905.3031989273222,3905.3031989273222,3905.3031989273222,3905.3031989273222,3905.3031989273222,3905.3031989273222,3905.3031989273222,
3904.3611783062756,3900.8372191536855,3905.2261586602385,3905.2261586602385,3905.2261586602385,3905.2261586602385,3905.2261586602385,3905.2261586602385,3905.2261586602385,3905.2261586602385,
3904.3831340160596,3903.9092924358856,3903.9092924358856,3904.9342363042683,3904.9342363042683,3904.9342363042683,3905.831264600809,3905.831264600809,3905.831264600809,3905.831264600809,
3905.407747354803,3900.2505186896947,3905.9055991969963,3905.9055991969963,3905.9055991969963,3905.9055991969963,3905.9055991969963,3905.9055991969963,3905.9055991969963,3905.9055991969963,
3905.386928034464,3899.149242479028,3904.0808068695815,3904.0808068695815,3905.3012366930247,3905.3012366930247,3905.445799975092,3905.445799975092,3905.445799975092,3905.6240811295875,
3904.3900627386993,3892.570156805198,3904.5805582119597,3905.17282050551,3905.17282050551,3905.17282050551,3905.17282050551,3905.855780631675,3905.929813138095,3905.9286829151724,
3905.0819363802734,3904.5455127376263,3904.552757001223,3904.552757001223,3905.521123501895,3905.521123501895,3905.563074490255,3905.563074490255,3905.5732750926827,3905.859849693135,
3905.2079232709125,3905.2079232709125,3905.2079232709125,3905.2079232709125,3905.2079232709125,3905.8762076050443,3905.8762076050443,3905.8762076050443,3905.8762076050443,3905.8762076050443,
3905.6970164978643,3840.4039510206317,3891.5456167606676,3904.9827863326254,3904.9827863326254,3904.9827863326254,3905.8027043951442,3905.860494943981,3905.923506376235,3905.923506376235,
3905.341239745863,3893.46344650007,3904.210751564364,3904.210751564364,3904.5703367190663,3904.5703367190663,3905.5623738086106,3905.3589380510016,3905.3589380510016,3905.3759207927205,
3900.1847594608107,3776.129759807766,3898.0280029018086,3904.976770860675,3905.2851012717406,3905.2851012717406,3905.2851012717406,3905.2851012717406,3905.2851012717406,3905.2851012717406,
3905.837529236042,3869.7538104722785,3902.137084302953,3905.0063237838494,3905.0063237838494,3905.0063237838494,3905.0063237838494,3905.8917930109847,3905.8917930109847,3905.908946061832,
3904.2986875282495,3892.1479095165987,3900.367183072457,3902.768367365101,3904.2949625784777,3904.2861310479275,3904.8812329385823,3904.8812329385823,3904.8812329385823,3905.505880908142,
3905.511493746739,3896.021586497778,3903.8544673783,3904.9399546289796,3904.9399546289796,3904.9399546289796,3904.9399546289796,3904.9399546289796,3904.9399546289796,3904.9399546289796,
3905.7351019639086,3905.006570295163,3905.006570295163,3905.9198421887754,3905.9278748031147,3905.9278748031147,3905.9278748031147,3905.9297851442193,3905.9297851442193,3905.9297851442193,
3902.110333033169,3901.3137315331746,3901.3137315331746,3905.175130581266,3905.175130581266,3905.175130581266,3905.175130581266,3905.1931383212877,3905.1931383212877,3905.4483562763,
3905.852206197579,3896.536159937326,3904.3677243758925,3904.627057546206,3904.627057546206,3905.880124547092,3905.880124547092,3905.927619021411,3905.929401957505,3905.9299627361697,
3902.7600016742117,3886.4384283228314,3904.6629611428393,3904.6629611428393,3904.9050801573644,3905.9200631137337,3905.9297741709247,3905.929989449831,3905.929989449831,3905.929989449831,
3902.521505142685,3870.853459161732,3905.174968653932,3902.274133579658,3902.761595860852,3904.2285467246916,3905.0958601679513,3905.5820166088747,3905.6460606131172,3905.890677486906,
3905.9144385951527,3862.3443665437403,3902.4740973112603,3905.1352009003044,3905.1352009003044,3905.1352009003044,3905.803427731512,3905.9284959221172,3905.928908970588,3905.928908970588,
3903.696866234477,3890.144454207759,3890.144454207759,3900.374061784988,3904.7606539038143,3904.881360103986,3904.881360103986,3904.881360103986,3905.505663373234,3905.505663373234,
3905.397305373665,3825.538596622075,3903.493991101551,3905.3290229100085,3905.3290229100085,3905.3290229100085,3905.912629821007,3905.8049997370986,3905.912629821007,3905.912629821007,
3904.4561697372765,3868.8699140551985,3897.0834929597772,3905.018696189531,3905.018696189531,3905.018696189531,3905.018696189531,3905.018696189531,3905.018696189531,3905.034896446621,
3905.768975525395,3904.869389738803,3904.869389738803,3904.869389738803,3905.1101057184683,3905.1101057184683,3905.1101057184683,3905.1101057184683,3905.1101057184683,3905.1101057184683,
3898.783422206984,3904.089664416726,3905.1819610264897,3905.1819610264897,3905.1819610264897,3905.1819610264897,3905.1819610264897,3905.1819610264897,3905.1819610264897,3905.1819610264897,
3903.184865725891,3886.108469953079,3897.831569260634,3905.201848102841,3905.201848102841,3904.6949971833396,3905.8891801223676,3905.5544755101855,3905.90566125728,3905.922487044832,
3904.186368599831,3845.9924092558063,3905.683994471822,3905.683994471822,3905.683994471822,3905.683994471822,3905.683994471822,3905.683994471822,3905.683994471822,3905.683994471822,
3905.796041380448,3898.4281396897013,3898.4281396897013,3904.9863938593635,3904.9863938593635,3904.9863938593635,3905.826967558094,3905.9246667863877,3905.9275942834306,3905.927900944207,
3904.2360149153187,3840.9794487418476,3902.28434406374,3903.6894657347516,3904.8307664021177,3904.8307664021177,3904.8307664021177,3904.964978440616,3904.964978440616,3904.790163034145,
3903.8454096639207,3893.3885587432437,3896.2458331109456,3905.000335513579,3905.000335513579,3905.000335513579,3905.000335513579,3905.000335513579,3905.0392957261993,3905.0392957261993,
3901.156558474085,3904.4147123109437,3905.230103010465,3905.230103010465,3905.3521563644913,3905.3521563644913,3905.3521563644913,3905.7016594930146,3905.7016594930146,3905.7016594930146,
3905.4191597268455,3818.4221594830174,3900.992414946119,3905.226601999247,3905.226601999247,3905.226601999247,3905.929992229482,3905.929992229482,3905.929992229482,3905.929992229482,
3904.470438219476,3867.489002099289,3904.7457777322024,3903.678106788796,3904.7457777322024,3904.7457777322024,3904.9142783955103,3905.440479986754,3905.720236173036,3905.929995165722,
3903.9788702938577,3895.233788832818,3904.866092060383,3904.9878098400336,3904.9878098400336,3905.775201110846,3905.775201110846,3905.775201110846,3905.775201110846,3905.778613979753,
3901.241685285019,3846.405748225933,3884.7479886941574,3902.1163174187845,3905.419268236043,3905.75416275698,3905.764473587606,3905.9243343224116,3905.9299591136364,3905.9299591136364,
3905.9161042455307,3904.241389410409,3904.9735019887335,3904.9735019887335,3905.7580005459713,3905.7580005459713,3905.8294289302344,3905.9173180722228,3905.9173180722228,3905.929549269233,
3905.6432468466987,3882.607875351797,3904.2465001079154,3905.7390513012733,3905.062752668992,3905.7637642077084,3905.5910162993146,3905.7637642077084,3905.7637642077084,3905.7637642077084,
3901.893660482493,3894.1145918223856,3905.267186595099,3905.911495849527,3905.855362238904,3905.90846320534,3905.920832274696,3905.920832274696,3905.9274979039637,3905.9274836759155,
3905.1320432559296,3873.7750740998226,3896.3720875242875,3904.4991929026146,3905.7210924668943,3905.7210924668943,3905.7452137499645,3905.750229225173,3905.9271042072087,3905.9271042072087,
3900.668054617413,3836.1777149936293,3903.8082392795227,3904.678012462284,3904.8411896223756,3904.853241468317,3905.091979933657,3905.091979933657,3905.091979933657,3905.091979933657,
3903.1708654729837,3898.039080845971,3901.057371616345,3905.4723911688498,3905.4723911688498,3905.4723911688498,3905.4723911688498,3905.4723911688498,3905.4723911688498,3905.4723911688498,
3905.060763387863,3873.324735785346,3897.078222080868,3905.7186314135024,3905.915868243021,3905.915868243021,3905.894822023927,3905.894822023927,3905.9245984689974,3905.9245984689974,
3903.4980043159517,3901.838157490746,3905.7623160099843,3905.7623160099843,3905.7623160099843,3905.861404277136,3905.861404277136,3905.8845924382495,3905.9219595420864,3905.9219595420864,
3902.788269639079,3902.385156480716,3902.385156480716,3903.2036121852666,3904.0460969687797,3905.05203796059,3905.05203796059,3905.05203796059,3905.05203796059,3905.552645936464,
3904.6032690283587,3897.915754683366,3904.1625130862544,3905.8553924117414,3905.859908878628,3905.859908878628,3905.859908878628,3905.859908878628,3905.859908878628,3905.859908878628,
3902.282506519893,3862.756794943098,3895.7900249095337,3905.8666967540794,3905.6646240580135,3905.6646240580135,3905.9236839543255,3905.9298899918745,3905.9298899918745,3905.9298899918745,
3905.395582770905,3857.116005645442,3900.902544592963,3905.2871691353116,3905.2871691353116,3904.6569633071013,3905.2871691353116,3905.2871691353116,3905.2871691353116,3905.2871691353116,
3905.9174272737505,3874.272029321704,3903.5147787259784,3904.884913089887,3904.884913089887,3905.605949893295,3905.605949893295,3905.8167671432575,3905.897832049343,3905.9030534934004,
3905.6376844390347,3889.813504964625,3903.1733867702574,3904.481283249302,3904.9763179151096,3905.929040873065,3905.92999263036,3905.92999263036,3905.92999263036,3905.92999263036,
3902.619647213234,3890.9074786970577,3899.5516865773575,3903.2995403139244,3904.7099159943923,3904.427796200431,3905.038674684687,3905.038674684687,3905.038674684687,3904.859922972105,
3904.9204889793973,3901.2391715236317,3901.2391715236317,3905.697820644105,3904.477579695467,3905.516401730968,3905.917548281945,3905.917548281945,3905.917548281945,3905.9251131143806,
3905.6883206207426,3900.018967080671,3904.999559111364,3904.999559111364,3904.999559111364,3905.3096541549608,3905.702197784816,3905.7345624357995,3905.9125741242,3905.9125741242,
3905.2363130456297,3837.079607234016,3899.458273846593,3904.3692798133557,3904.812073400554,3904.812073400554,3904.9343239441396,3904.9343239441396,3904.9343239441396,3904.9343239441396,
3905.5344478607194,3902.5062668604214,3902.5062668604214,3905.92165402698,3905.92165402698,3905.92165402698,3905.92165402698,3905.92165402698,3905.92165402698,3905.92165402698,
3904.714232836544,3894.4748665040443,3903.765376274592,3903.765376274592,3905.6514824701985,3905.6514824701985,3905.924320449553,3905.9254539187873,3905.9254539187873,3905.9254539187873,
3900.4652153041884,3885.859276040811,3905.4783454881276,3905.4783454881276,3905.4783454881276,3905.4783454881276,3905.7490621136967,3905.8331997763235,3905.9170970208784,3905.9280908868277,
3904.9994003214892,3903.282024403557,3904.3055877035217,3904.3055877035217,3905.8709212842164,3905.8709212842164,3905.8709212842164,3905.8709212842164,3905.8727803533616,3905.8849993761182,
3904.3027193433036,3886.788443381573,3904.3785653414925,3904.3785653414925,3904.5321592911255,3904.7892300565686,3904.9106188277606,3905.1069721873178,3905.1069721873178,3905.1069721873178,
3905.82078260061,3892.3278574401816,3903.825420400611,3905.5681142376397,3905.5681142376397,3905.723952239001,3905.723952239001,3905.9117992696397,3905.9117992696397,3905.904976574335,
3903.259844758829,3870.740230347177,3903.259844758829,3903.259844758829,3904.5246261933976,3905.025730857658,3905.025730857658,3905.025730857658,3905.025730857658,3905.1149310529454,
3894.179611959902,3883.9509213479396,3883.9509213479396,3904.6709301202563,3904.9733585636636,3904.9733585636636,3904.9733585636636,3904.9733585636636,3905.2122560203493,3905.2122560203493,
3905.9293242321596,3898.002950150591,3896.1838540955714,3905.4543092740605,3905.4543092740605,3905.782413429333,3905.9081389700655,3905.9098194746425,3905.9254467313426,3905.929877466616,
3902.27722790428,3889.0718188854794,3904.79075911976,3904.972538016311,3905.0029753350664,3905.0029753350664,3905.0029753350664,3905.7632787581147,3905.7693038710167,3905.8929819828945,
3903.027855758012,3847.1127920623803,3905.032961629299,3905.032961629299,3905.032961629299,3905.032961629299,3905.032961629299,3905.032961629299,3905.032961629299,3905.032961629299,
3905.2005465600223,3888.1256356544773,3896.360590591291,3904.522374816912,3904.877970279691,3905.907456864439,3905.907456864439,3905.9220524010593,3905.923759013191,3905.9245345359745,
3902.572884488521,3795.332532867857,3902.3669367824364,3904.0442022024554,3905.9291043295084,3905.929886761856,3905.9291043295084,3905.929980926057,3905.9297175318557,3905.929980926057,
3904.9810756124666,3865.757373847663,3896.9624212949248,3903.9503922352965,3904.5100811424304,3904.9546291882807,3904.9546291882807,3904.9546291882807,3905.215229439584,3905.215229439584,
3905.7516052096416,3850.878037607841,3898.6147916947994,3903.9310786045626,3904.4426610748455,3904.8018129362813,3905.9022993014105,3905.841122242856,3905.841122242856,3905.8430901747593,
3904.938923260952,3894.1310197788657,3904.8946334064244,3905.0846488348284,3905.0846488348284,3905.0846488348284,3905.0846488348284,3905.0846488348284,3905.0846488348284,3905.0846488348284,
3905.7912924631128,3902.9641607236213,3902.9641607236213,3905.0969249234904,3905.0969249234904,3905.0969249234904,3905.8970890000983,3905.9285595781603,3905.929871508724,3905.929930139359,
3904.796458979148,3852.536450953822,3903.5660056444117,3904.4090417109287,3905.1453270209536,3905.764947451832,3905.764947451832,3905.764947451832,3905.9286151970323,3905.896168638595,
3904.9651537386208,3904.923457924418,3904.923457924418,3904.923457924418,3905.588763215038,3905.588763215038,3905.872469701111,3905.872469701111,3905.872469701111,3905.872469701111,
3905.293037448767,3890.5029858301496,3905.0045494691813,3905.0045494691813,3905.0045494691813,3905.0045494691813,3905.0045494691813,3905.0045494691813,3905.0045494691813,3905.0045494691813,
3900.6920676876266,3844.2156435933,3904.0105084357024,3904.0105084357024,3905.8998588468357,3905.8998588468357,3905.8998588468357,3905.8998588468357,3905.9240609264516,3905.9240609264516,
3904.516578970258,3904.516578970258,3904.516578970258,3904.516578970258,3904.516578970258,3905.3502703566946,3905.810980653431,3905.810980653431,3905.9292286900386,3905.9292286900386,
3905.892112267813,3893.44287627296,3898.3824339095277,3905.7516926032918,3905.9245593342207,3905.927874778812,3905.927874778812,3905.9287225388875,3905.9298262513885,3905.929828308934,
3905.321125167049,3893.8623053633974,3904.5018290913044,3904.6383378424002,3904.6383378424002,3905.449354331788,3905.700149000094,3905.700149000094,3905.7147600994276,3905.9180875418756,
3905.0527942809467,3902.3096401679645,3904.5299310015257,3904.5299310015257,3905.046051161154,3905.928246809136,3905.928246809136,3905.928246809136,3905.928246809136,3905.928246809136,
3904.31789367521,3824.285574931225,3896.203970503327,3904.7587573018377,3904.7587573018377,3905.7263041142837,3905.929967446049,3905.929967446049,3905.929967446049,3905.929967446049,
3901.0977703983453,3901.971894686766,3898.1873638474344,3904.6186438007853,3904.8819487623623,3904.8819487623623,3904.8819487623623,3904.8819487623623,3905.505607785114,3905.505607785114,
3904.9317897985957,3869.6058287372202,3905.219777645733,3905.219777645733,3905.219777645733,3905.219777645733,3905.219777645733,3905.219777645733,3905.219777645733,3905.780523337829,
3903.2198255909193,3896.602304049786,3902.902225717823,3904.1194844867787,3905.240233832684,3905.240233832684,3905.240233832684,3905.746660621543,3905.746660621543,3905.746660621543,
3905.777356698668,3897.804589394796,3897.804589394796,3905.0003975361437,3905.0003975361437,3905.0003975361437,3905.0003975361437,3905.6585163275763,3905.929045455329,3905.929045455329,
3905.0412819375447,3874.6420968009534,3900.2798146582218,3904.0027913709973,3905.89523930946,3905.89523930946,3905.7333355150545,3905.925568831953,3905.925568831953,3905.925568831953,
3905.8385414531786,3875.536864054594,3904.8382333180903,3904.8382333180903,3905.8145617423943,3905.8145617423943,3905.8145617423943,3905.922422432355,3905.922422432355,3905.922422432355,
3905.77961505073,3857.8594755459717,3904.4929962043807,3904.920480694989,3904.920480694989,3904.920480694989,3905.376259898989,3905.9256485880087,3905.9256485880087,3905.9256485880087,
3905.7831936139874,3905.7831936139874,3905.7831936139874,3905.7831936139874,3905.7831936139874,3905.9153400146233,3905.929964369929,3905.929996605573,3905.929996605573,3905.929996605573,
3903.250341291936,3903.250341291936,3905.1130101728586,3905.1130101728586,3905.1130101728586,3905.1130101728586,3905.1130101728586,3905.1130101728586,3905.1130101728586,3905.1130101728586,
3904.9966959185344,3813.3786920590337,3899.796171951088,3905.052607505497,3905.7063694193857,3905.9281967288916,3905.9281967288916,3905.9281967288916,3905.929987646518,3905.929987646518,
3903.742202053734,3858.7130937469474,3905.367175391988,3905.367175391988,3905.367175391988,3905.367175391988,3905.367175391988,3905.367175391988,3905.367175391988,3905.367175391988,
3904.561074984652,3904.1245337221603,3904.1245337221603,3904.1245337221603,3905.0655817014485,3905.195263117165,3905.195263117165,3905.195263117165,3905.195263117165,3905.195263117165,
3905.282443331114,3900.62759857048,3902.4176289123334,3903.01209715375,3905.9187786118446,3905.671643221632,3905.9237967499657,3905.9220887742763,3905.928924472552,3905.9297577216835,
3903.7600976576728,3885.430765839038,3904.8817149368324,3904.4969939582593,3905.021208115404,3905.233411827264,3905.346098322189,3905.3899634784752,3905.429326350432,3905.429326350432,
3905.6859982389287,3866.231927996166,3903.9865216523312,3904.92224264601,3905.5140831376607,3905.5140831376607,3905.844075747681,3905.9113937046463,3905.9113937046463,3905.927789686851,
3902.4003026990827,3855.9840174241763,3902.4316850810014,3904.230464834395,3905.88989249774,3905.929131274202,3905.929131274202,3905.929131274202,3905.929131274202,3905.929385046065,
3905.803741310723,3898.972181199555,3901.1832001384187,3904.914999891066,3905.1103965567745,3905.1103965567745,3905.1103965567745,3905.1103965567745,3905.819149773812,3905.8392756458375,
3898.953909274718,3856.4255560183974,3903.372060805886,3903.372060805886,3904.920872211293,3904.920872211293,3904.920872211293,3905.9067073835245,3905.765011167255,3905.9068946542875,
3905.738241595946,3899.3208739143083,3899.3208739143083,3905.374013439754,3905.9206366096037,3905.9206366096037,3905.9206366096037,3905.9088504274296,3905.9206366096037,3905.9286474433184,
3904.768116080175,3896.228808834966,3889.801049868627,3902.9993943031664,3904.5508066883035,3904.5508066883035,3905.5843079419355,3905.5843079419355,3905.5843079419355,3905.5843079419355,
3904.686559774873,3894.9942729276077,3902.645158391879,3904.8808708987167,3904.8808708987167,3904.8808708987167,3904.8808708987167,3905.4732663522914,3905.886799245949,3905.886799245949,
3905.8839540582217,3875.291723520465,3898.542278303721,3903.224448828858,3905.602683514587,3905.602683514587,3905.8763686762227,3905.919095666566,3905.9255197163557,3905.9255197163557,
3905.900971796758,3892.9204810613332,3903.0728716466097,3905.067375183764,3905.6890245502955,3905.6890245502955,3905.919304598854,3905.929803989964,3905.929803989964,3905.929803989964,
3905.374918035011,3880.9987857055053,3897.7215049719553,3905.7328680718297,3904.7211483874416,3905.8862791484144,3905.8862791484144,3905.8862791484144,3905.8862791484144,3905.920921305299,
3905.576254357976,3897.959881720418,3900.551530982109,3905.512720210814,3905.6602200308457,3905.8578918604176,3905.8578918604176,3905.8578918604176,3905.928628728741,3905.928628728741,
3903.2596766463485,3784.4120432563577,3900.2852189660243,3902.278497805671,3905.1400135637077,3905.1400135637077,3904.9117964626334,3905.1400135637077,3905.3105968914374,3905.229861374948,
3900.841849004063,3903.812120177841,3903.812120177841,3903.812120177841,3904.820622927918,3904.820622927918,3905.382077395337,3905.528813944311,3905.864758390295,3905.867050911435,
3904.6138072212184,3842.7850432827095,3902.8674606150244,3903.2177892555114,3904.934098907397,3905.6016291810533,3905.6016291810533,3905.9218901510067,3905.9218901510067,3905.9218901510067,
3904.0633689927695,3854.0119392244555,3894.992817092725,3905.225990070846,3905.225990070846,3905.225990070846,3905.225990070846,3904.601121290513,3904.601121290513,3904.601121290513,
3905.5794941951376,3905.193448704314,3905.7983054061897,3905.7983054061897,3905.7983054061897,3905.9293709747903,3905.9293709747903,3905.9293709747903,3905.9293709747903,3905.9293709747903,
