3904.8669639988266,3893.21785235375,3898.195617501591,3905.490529239607,3905.490529239607,3905.490529239607,3905.490529239607,3905.490529239607,3905.490529239607,3905.490529239607,
3899.834152035276,3904.872886276878,3904.872886276878,3904.872886276878,3904.872886276878,3904.872886276878,3904.872886276878,3904.872886276878,3904.9639687248787,3905.703668916624,
3903.538569415345,3885.322089895065,3901.886162515881,3904.81166693706,3904.8912813398188,3904.8912813398188,3904.8912813398188,3904.925189120634,3904.9583761368845,3904.9583761368845,
3905.7867225945724,3904.4998942309103,3904.4998942309103,3904.4998942309103,3904.9189981349805,3904.9189981349805,3905.6980959817533,3905.6980959817533,3905.6980959817533,3905.6980959817533,
3904.98226146246,3903.091438473764,3903.091438473764,3903.091438473764,3905.2830948935775,3905.2830948935775,3905.2830948935775,3905.2830948935775,3905.2830948935775,3905.2830948935775,
3905.586183956768,3897.756727141786,3897.756727141786,3903.6699300309397,3904.1698665541317,3905.0415945668224,3905.0415945668224,3904.8456427518126,3905.0415945668224,3905.0415945668224,
3904.4107063164074,3827.291990929709,3888.2059817177937,3903.314089175142,3904.6714304066345,3905.0580720528355,3904.7979384338064,3905.8379612514427,3905.8379612514427,3905.0913119869783,
3904.6392763089025,3778.6313362097903,3894.0993773327027,3904.259869436889,3904.796999825323,3905.6779754464624,3905.6779754464624,3905.733126767828,3905.9275898935884,3905.9275898935884,
3905.02013661323,3879.5368839310095,3904.5128553898953,3904.5128553898953,3904.515180965372,3904.8284243426842,3904.8613228903046,3905.3071229743427,3905.111171442091,3905.111171442091,
3905.2074288932536,3898.818036079654,3899.3655529045677,3904.3873350498284,3904.3873350498284,3904.649740583417,3904.9124274097762,3905.0494098996787,3905.0494098996787,3905.0494098996787,
3904.459537742664,3891.957398366505,3891.957398366505,3902.2805854915296,3905.7353602595454,3905.7353602595454,3905.7353602595454,3905.7353602595454,3905.9297460040802,3905.9297460040802,
3903.3746046066567,3859.37907347848,3905.2874380604444,3905.2874380604444,3905.2874380604444,3905.2874380604444,3905.2874380604444,3905.2874380604444,3905.2874380604444,3905.2874380604444,
3905.4986683924676,3903.269794748288,3903.269794748288,3903.269794748288,3905.202709045493,3905.202709045493,3905.187943629856,3905.1643406455883,3905.1643406455883,3905.1643406455883,
3900.2786204733125,3904.497181379008,3902.9788879233383,3902.9788879233383,3904.497181379008,3904.6953054609976,3904.6953054609976,3904.9287309828915,3904.9416988251096,3904.9601761946988,
3901.9768364942565,3893.0591452644535,3893.5832729224753,3905.863456665286,3904.5294584254966,3904.5294584254966,3904.5294584254966,3905.863456665286,3905.9272760524987,3905.9272760524987,
3904.4387098684006,3878.4218422571694,3901.659530893373,3903.9959979653945,3905.8436808095685,3905.8436808095685,3905.8436808095685,3905.8436808095685,3905.8436808095685,3905.8436808095685,
3905.921772294426,3904.4582372327905,3904.4582372327905,3905.0394064235365,3905.0394064235365,3905.0394064235365,3905.0394064235365,3905.0394064235365,3905.0394064235365,3905.0394064235365,
3905.9180800898225,3878.0735970009223,3905.242725951395,3905.242725951395,3905.242725951395,3905.242725951395,3905.242725951395,3905.242725951395,3905.242725951395,3905.242725951395,
3904.5091763170617,3883.6241942521933,3904.9930567260285,3905.297221897522,3905.297221897522,3904.79886409848,3905.297221897522,3905.0089910502898,3905.0089910502898,3905.0089910502898,
3902.536483836762,3872.259137881248,3892.352067489413,3905.3977518877414,3905.3977518877414,3905.3977518877414,3905.3977518877414,3905.3977518877414,3905.3977518877414,3905.3977518877414,
3905.495705117395,3902.4582271763848,3902.4582271763848,3903.0039993522187,3904.1733415659182,3904.558151427084,3904.9633046526883,3905.0010145435613,3905.0010145435613,3905.0010145435613,
3905.390644992454,3903.096211849762,3903.096211849762,3904.8268804765,3904.8268804765,3905.778099673411,3905.3702346277846,3905.7206520617424,3905.889429427569,3905.8979428554835,
3905.855723206447,3896.144591484075,3896.144591484075,3905.505317952673,3905.505317952673,3905.7627611560342,3905.7627611560342,3905.9264175733815,3905.9107282291297,3905.9261185748333,
3904.99034310593,3798.9679140202975,3900.4788925700364,3905.55572157674,3905.55572157674,3905.55572157674,3905.55572157674,3905.55572157674,3905.55572157674,3905.55572157674,
3903.5958814247037,3835.682888114159,3902.079832739718,3902.079832739718,3905.1631108502343,3904.8931164554424,3904.8931164554424,3905.354538053056,3905.925308312647,3905.925308312647,
3904.170136443116,3878.495650692224,3903.414585485255,3904.62207597699,3905.1417095800307,3905.1417095800307,3905.1417095800307,3905.1417095800307,3905.1417095800307,3905.1417095800307,
3904.6532724763056,3858.609805111239,3900.4222192879106,3904.428714237167,3905.635165351231,3904.7926395138757,3904.8777250663484,3904.967181522027,3904.967181522027,3904.967181522027,
3905.273881861827,3900.7514571239763,3900.7514571239763,3902.5443741868053,3904.6696742474846,3904.6696742474846,3905.533980810911,3905.533980810911,3904.98734097701,3905.0586971123967,
3903.5268036263983,3713.715706532,3900.8064224520467,3903.8428798360815,3904.2166373292503,3904.797742226871,3904.9182137662997,3904.9182137662997,3904.9471238302694,3905.032271014558,
3898.9859272890744,3845.5440950832003,3901.4790978852957,3901.4790978852957,3905.275550829468,3905.275550829468,3905.275550829468,3905.5028833211413,3905.5028833211413,3905.5028833211413,
3904.9806848827207,3896.624395324254,3905.8531114124953,3905.8531114124953,3905.1607162083637,3905.1607162083637,3905.8531114124953,3905.702417063701,3905.8298742673064,3905.92610564387,
3905.588877594642,3905.588877594642,3905.588877594642,3905.588877594642,3905.588877594642,3905.588877594642,3905.588877594642,3905.588877594642,3905.588877594642,3905.588877594642,
3905.6085741646075,3890.7878580277365,3899.8361733052648,3903.968424779799,3904.1535984734783,3904.5654438477077,3904.8271693801526,3904.9412592560743,3904.9412592560743,3904.9412592560743,
3905.1283917091037,3873.113337698271,3902.292970279323,3903.6281953669695,3904.690911460965,3905.2066985809124,3905.2066985809124,3905.2066985809124,3905.2066985809124,3905.2066985809124,
3905.5385013774567,3903.900336489247,3905.892011178947,3905.892011178947,3905.892011178947,3905.892011178947,3905.892011178947,3905.892011178947,3905.892011178947,3905.892011178947,
3903.817513520897,3903.817513520897,3903.817513520897,3904.7930179218693,3904.7930179218693,3904.855518414481,3905.5817846847203,3905.5817846847203,3905.5817846847203,3905.5817846847203,
3904.9985924792227,3900.8096227498995,3900.8096227498995,3904.7616312787536,3904.7616312787536,3905.049334840602,3905.049334840602,3905.049334840602,3905.049334840602,3905.049334840602,
3905.843423262354,3870.4772809468,3895.4571387359565,3903.909587390175,3903.909587390175,3905.19417841829,3905.19417841829,3904.8976998901458,3904.8976998901458,3904.8976998901458,
3902.775197098031,3874.825349747024,3900.566718090292,3903.7663477757715,3905.31637327056,3905.180675549568,3905.180675549568,3905.180675549568,3905.180675549568,3905.180675549568,
3905.315862968717,3904.1431116561953,3904.1431116561953,3904.1431116561953,3905.293767802957,3905.293767802957,3905.293767802957,3905.293767802957,3905.839897128968,3905.922452772448,
3903.5478228816514,3855.9889697854433,3904.0901625151446,3904.6066245657726,3904.6066245657726,3904.6066245657726,3904.6066245657726,3905.5442105286734,3905.5442105286734,3905.9286872159646,
3905.8170196964593,3862.341966621998,3889.509827357884,3899.590644123792,3904.9167640669593,3904.9167640669593,3904.9167640669593,3904.9167640669593,3905.249107153139,3905.249107153139,
3905.5164079620063,3894.58440167393,3894.58440167393,3904.4460332295716,3904.579968426676,3904.9831150861314,3904.9831150861314,3905.66340443728,3905.8776906950925,3905.8776906950925,
3904.3048642187528,3905.9164424674013,3905.9164424674013,3905.9164424674013,3905.9164424674013,3905.9164424674013,3905.9164424674013,3905.927044009535,3905.927044009535,3905.927044009535,
3905.32143378613,3847.7352205792945,3905.1915402462596,3905.1915402462596,3905.1915402462596,3905.1915402462596,3905.1915402462596,3905.1915402462596,3905.1915402462596,3905.844252158558,
3904.073665404633,3902.2648672647188,3903.0342584890213,3904.6431869703742,3904.6431869703742,3905.1244150139933,3905.1244150139933,3904.849229274182,3905.1244150139933,3905.1244150139933,
3901.5997136026863,3904.4347997339373,3904.4347997339373,3904.4347997339373,3905.057419832536,3905.057419832536,3905.057419832536,3905.057419832536,3905.057419832536,3905.057419832536,
3904.2758998880427,3845.3543676145123,3897.0650297249204,3904.459700946034,3904.850896009169,3904.850896009169,3904.850896009169,3904.9888535659866,3904.9888535659866,3904.9888535659866,
3901.968994438631,3893.6973659183855,3893.6973659183855,3904.868252773913,3904.868252773913,3904.868252773913,3904.9418180472994,3905.905703883882,3905.905703883882,3905.905703883882,
3904.060760855889,3885.6365640937283,3885.6365640937283,3904.763688198488,3905.1327883101226,3905.1327883101226,3905.1327883101226,3905.1327883101226,3905.1327883101226,3905.1327883101226,
3904.2281452578854,3871.2027846126666,3902.599219734343,3905.6110186531714,3905.6110186531714,3905.6110186531714,3905.6110186531714,3905.6110186531714,3905.6110186531714,3905.6110186531714,
3903.874199280402,3813.0781533251993,3894.117690651835,3904.3079324921027,3904.6867412257475,3905.7161610808657,3905.7161610808657,3905.7161610808657,3905.7161610808657,3905.2601064699893,
3902.5805493898747,3885.5343755805034,3900.7920656690167,3905.7972257914384,3905.7972257914384,3905.256916544676,3905.256916544676,3905.256916544676,3905.256916544676,3905.256916544676,
3904.9487388253797,3841.105604376366,3896.229661987113,3902.638179121689,3903.4519801278125,3905.3705864145354,3905.3705864145354,3905.3705864145354,3905.3705864145354,3905.3705864145354,
3904.259037669816,3787.2498961775727,3889.325550199308,3904.440655432021,3904.440655432021,3904.440655432021,3904.754707216586,3905.0511684600488,3905.0511684600488,3905.0511684600488,
3902.257425372637,3894.6449164278524,3899.925333876771,3904.553483196458,3904.553483196458,3904.553483196458,3905.6054873641524,3905.6054873641524,3905.6054873641524,3905.3840601277666,
3905.336887675811,3905.336887675811,3905.336887675811,3905.336887675811,3905.336887675811,3905.336887675811,3905.466383389801,3905.466383389801,3905.9264241964997,3905.9264241964997,
3905.838713862975,3793.8115873682073,3897.9158468474866,3905.1260988801578,3905.6213333212145,3905.6213333212145,3905.6213333212145,3905.6213333212145,3905.6213333212145,3905.6213333212145,
3900.600765602338,3900.8218023472664,3900.8218023472664,3903.0642311537085,3903.0642311537085,3904.550045608633,3904.8821712489835,3904.8438869175725,3905.127741979254,3905.127741979254,
3905.0305457901113,3867.6526067543637,3903.664130026745,3904.7830259129314,3904.1285321440414,3905.011001730304,3905.9188617708182,3905.9188617708182,3905.9188617708182,3905.9188617708182,
3905.277876289469,3901.7604546196676,3903.721515288007,3904.2719473763327,3904.2719473763327,3905.124364272598,3905.124364272598,3905.124364272598,3905.124364272598,3905.783629090067,
3905.471382909565,3903.8762399587954,3903.8762399587954,3903.8762399587954,3905.0930855271295,3905.0930855271295,3905.0930855271295,3905.0930855271295,3905.421143412763,3905.786887073957,
3905.5724590678224,3884.1742500359996,3901.9269424987638,3904.912561799883,3904.912561799883,3904.912561799883,3904.8601779490386,3904.9193293454364,3904.927670709408,3904.9674036899055,
3904.424951811121,3782.9286678114277,3905.018014010674,3905.018014010674,3905.018014010674,3905.018014010674,3905.018014010674,3905.018014010674,3905.018014010674,3905.018014010674,
3903.177291852408,3882.2427912959447,3895.092676649307,3905.7085985015,3905.7085985015,3905.7085985015,3905.7085985015,3905.7085985015,3905.7085985015,3905.7085985015,
3905.838299804389,3776.1172312752565,3892.3417284605002,3904.1022911317195,3905.4469244995144,3905.4469244995144,3905.0108441343104,3905.0108441343104,3905.0108441343104,3905.1367489075005,
3905.854585689118,3905.811611996363,3905.811611996363,3905.811611996363,3905.811611996363,3905.811611996363,3905.811611996363,3905.811611996363,3905.811611996363,3905.811611996363,
3903.550907608573,3904.259581186296,3905.395795896382,3905.457284993194,3905.457284993194,3905.457284993194,3905.457284993194,3905.457284993194,3905.74571672901,3905.9073765078606,
3903.6710926286078,3770.224693847422,3882.5944547721024,3904.9435068043754,3905.3696478115107,3905.3696478115107,3905.3696478115107,3905.3696478115107,3905.3696478115107,3905.3696478115107,
3905.799134440822,3896.226019624775,3896.226019624775,3903.271707000456,3904.7650679542858,3904.6019631892786,3905.8881520990717,3905.8881520990717,3905.8881520990717,3905.8881520990717,
3905.6281076070304,3902.3339666523616,3903.573074963479,3903.573074963479,3903.833693953862,3905.0027283524573,3905.1838004324923,3905.366996918071,3905.797731109616,3905.904688038248,
3893.203891516953,3829.253878061994,3904.7133542798188,3904.7133542798188,3904.7133542798188,3904.7749271403827,3904.7749271403827,3904.9534208614286,3904.9534208614286,3905.474331465061,
3905.909921419496,3904.7663036100694,3904.7663036100694,3904.7663036100694,3904.7663036100694,3904.7663036100694,3905.915305111087,3905.915305111087,3905.915305111087,3905.928048577062,
3904.0020040787863,3897.008547047953,3902.48007541192,3903.819490395418,3905.192913398815,3905.192913398815,3905.0179489591173,3905.1436098813933,3905.48684038519,3905.48684038519,
3905.296251550719,3894.2312858493297,3894.2312858493297,3904.458375805719,3904.458375805719,3904.458375805719,3904.9812319046628,3904.9812319046628,3904.893432367338,3904.9812319046628,
3900.411879049691,3897.1625679480967,3905.476892394683,3905.476892394683,3905.476892394683,3905.476892394683,3905.476892394683,3905.476892394683,3905.476892394683,3905.476892394683,
3902.078289873529,3836.7132857261954,3885.493872283117,3905.0327856742015,3905.0327856742015,3905.0327856742015,3905.1788412297433,3905.898723546977,3905.898723546977,3905.87814999552,
3905.9143392169226,3831.4343706263153,3901.406734786957,3904.319437556305,3904.319437556305,3904.7899110946087,3904.7899110946087,3904.7899110946087,3904.7899110946087,3904.968872414884,
3905.8209753558435,3846.174150916447,3898.525172862051,3905.8180625046507,3905.8180625046507,3905.8180625046507,3905.8180625046507,3905.8180625046507,3905.8180625046507,3905.8180625046507,
3902.3444400505205,3904.1420007345373,3904.1420007345373,3904.1420007345373,3904.1420007345373,3904.1420007345373,3905.19934808636,3904.842975149669,3905.19934808636,3905.19934808636,
3905.1490048766836,3836.6673322622405,3897.3265358561475,3904.6085947342904,3904.6085947342904,3904.6085947342904,3904.7989697151747,3905.451860129878,3904.9647673347413,3905.451860129878,
3905.0439135243273,3902.762842569546,3905.371207367546,3905.371207367546,3905.371207367546,3905.371207367546,3905.371207367546,3905.371207367546,3905.371207367546,3905.4402945100187,
3905.904769554346,3897.8512529424634,3890.523768091891,3899.710728637151,3905.134970323701,3905.134970323701,3905.134970323701,3905.134970323701,3905.134970323701,3905.134970323701,
3903.561273859907,3869.659769420923,3869.659769420923,3904.169062546365,3904.169062546365,3904.713238790741,3905.051455195824,3905.018034594352,3905.018034594352,3905.018034594352,
3905.148963312157,3891.7243963790497,3891.7243963790497,3905.805997543915,3905.805997543915,3905.805997543915,3905.805997543915,3905.805997543915,3905.805997543915,3905.805997543915,
3904.710364355958,3894.0234049226783,3905.5364251061346,3905.5364251061346,3905.5364251061346,3905.5364251061346,3905.5364251061346,3905.5364251061346,3905.5364251061346,3905.5364251061346,
3900.0462012706093,3882.0328162821193,3903.8409292304164,3903.8409292304164,3905.467966244741,3905.467966244741,3905.467966244741,3905.045972906319,3905.6660208379526,3905.6660208379526,
3904.456570236405,3871.3716112209,3881.068055939274,3905.793273575147,3905.793273575147,3905.793273575147,3905.793273575147,3905.793273575147,3905.793273575147,3905.793273575147,
3903.5200196586816,3874.3065413695335,3895.2274045532586,3904.8926150462917,3904.8926150462917,3904.8926150462917,3905.9286925910174,3905.9286925910174,3905.9286925910174,3905.9286925910174,
3903.377356184971,3844.0382472099586,3905.883671874053,3905.883671874053,3905.883671874053,3905.883671874053,3905.883671874053,3905.883671874053,3905.883671874053,3905.883671874053,
3905.5664076540247,3905.5664076540247,3905.5664076540247,3905.5664076540247,3905.5664076540247,3905.5664076540247,3905.5664076540247,3905.5664076540247,3905.5664076540247,3905.5664076540247,
3905.5596255772325,3897.996170170308,3899.223190653254,3904.03628382674,3905.1745893063294,3905.1745893063294,3905.1745893063294,3905.1745893063294,3905.1745893063294,3905.1745893063294,
3903.908150789348,3898.3961157697495,3903.933985374214,3903.933985374214,3905.104855062739,3905.104855062739,3905.104855062739,3905.104855062739,3905.104855062739,3905.104855062739,
3905.7446870512185,3903.408092092882,3903.408092092882,3903.408092092882,3905.132904702323,3905.132904702323,3904.902543651792,3905.132904702323,3905.132904702323,3905.132904702323,
3905.9079002282915,3900.2727822200295,3900.2727822200295,3905.873723399483,3905.873723399483,3905.873723399483,3905.873723399483,3905.873723399483,3905.91482833292,3905.91482833292,
3904.763764296971,3899.675774936389,3899.675774936389,3904.965516911885,3904.965516911885,3904.965516911885,3904.965516911885,3904.965516911885,3904.9770064117342,3904.9770064117342,
3905.540203858221,3905.0555797826955,3905.0555797826955,3902.7129575735466,3904.3444161239427,3905.0555797826955,3905.0555797826955,3905.0555797826955,3905.0555797826955,3905.1228951066887,
3902.771044709888,3851.5269991200003,3904.9903781440357,3904.9903781440357,3904.9903781440357,3904.9903781440357,3904.9903781440357,3904.9903781440357,3904.9903781440357,3904.9903781440357,
3904.3120230769177,3803.961062757616,3903.733020601445,3903.733020601445,3904.3082976302353,3904.9206723272096,3904.950358825552,3904.950358825552,3904.9712614130644,3904.9712614130644,
3902.256232542144,3896.0197730770874,3905.1754600038635,3905.1754600038635,3905.1754600038635,3905.1754600038635,3905.1754600038635,3905.1754600038635,3905.1754600038635,3905.1754600038635,
3904.4973275683246,3900.2294454971443,3902.53939829063,3904.864171930925,3904.864171930925,3904.864171930925,3904.864171930925,3905.2770498419472,3905.2770498419472,3905.858433155808,
3905.4638018378155,3884.9956266176905,3895.1708567818378,3901.2793947379,3904.285460147988,3904.285460147988,3904.285460147988,3905.670802924004,3905.670802924004,3905.670802924004,
3899.348114046304,3874.2573155419846,3897.9848125401586,3904.4521507843274,3904.4521507843274,3905.8706349791278,3905.8706349791278,3905.8706349791278,3905.8706349791278,3905.8706349791278,
3904.364063446247,3900.060618579688,3892.834023903348,3904.7091665851535,3904.582684379939,3904.8961934081367,3905.116201477145,3905.116201477145,3905.116201477145,3905.116201477145,
3904.035260211386,3871.0365415207357,3903.2314641753046,3904.242565859576,3905.3290707110195,3905.8883190980555,3905.8883190980555,3905.8883190980555,3905.378122515211,3905.9242150184305,
3904.9370213255647,3809.756736124977,3902.465389338884,3904.7210547634822,3905.9030199664508,3905.9030199664508,3905.9030199664508,3905.928961542792,3905.928961542792,3905.9296713279286,
3905.0531651043916,3812.0177723768224,3904.014458480406,3905.9004977824748,3905.9004977824748,3905.9004977824748,3905.9004977824748,3905.9004977824748,3905.9004977824748,3905.9004977824748,
3903.2090268553616,3896.095015287569,3896.09024755615,3904.262623132926,3904.262623132926,3904.951468519254,3904.951468519254,3904.9774431402675,3904.9774431402675,3904.9774431402675,
3905.254110365529,3851.6604611746025,3898.3785549181734,3904.2386769408936,3904.2386769408936,3904.2386769408936,3904.8183443563435,3904.9026548015813,3904.923300864808,3905.0490914995407,
3904.9619425903943,3890.986534512322,3891.8025304019916,3903.0522287293484,3905.2357345864693,3905.2357345864693,3905.2357345864693,3905.2357345864693,3905.2357345864693,3905.2357345864693,
3905.7601860743853,3839.601711810423,3903.691276948809,3903.1865293723613,3904.608473903866,3905.225273998365,3905.225273998365,3905.1986069394593,3905.0324080704713,3905.0324080704713,
3905.5654172460454,3802.7116251242155,3905.5654172460454,3905.5654172460454,3905.5654172460454,3905.670589684483,3905.670589684483,3905.8615236423025,3905.898454152249,3905.900318525621,
3905.8564472497123,3899.909170003363,3899.909170003363,3905.4896857576337,3905.4896857576337,3905.4896857576337,3905.4896857576337,3905.4896857576337,3905.8268612066754,3905.8268612066754,
3905.5646224352313,3887.726284725196,3902.3329236235986,3902.3329236235986,3904.8664132954164,3904.8664132954164,3904.8664132954164,3904.8664132954164,3905.3361751952016,3905.6687513518964,
3902.371404570734,3864.999008199063,3905.849258365876,3905.849258365876,3905.849258365876,3905.849258365876,3905.849258365876,3905.849258365876,3905.849258365876,3905.849258365876,
3904.4978444246703,3879.0807679881477,3904.585877387847,3904.585877387847,3905.018920991883,3905.018920991883,3905.018920991883,3905.018920991883,3905.018920991883,3905.018920991883,
3905.159867818388,3819.581191649941,3903.764519959669,3905.8358517720467,3905.8358517720467,3905.8358517720467,3905.8358517720467,3905.8358517720467,3905.8358517720467,3905.9180134825597,
3902.2043085485434,3760.5766877742135,3904.516273111494,3900.7992501479002,3904.516273111494,3904.516273111494,3904.8113488303557,3904.9127386370105,3904.9127386370105,3905.180039783077,
3903.5076178476934,3890.1925846032686,3890.1925846032686,3905.264432926002,3905.264432926002,3905.264432926002,3905.264432926002,3905.264432926002,3905.264432926002,3905.264432926002,
3904.771984515625,3888.4202344187015,3904.9566819819865,3904.9566819819865,3904.9566819819865,3904.9566819819865,3904.9566819819865,3904.9566819819865,3904.9566819819865,3904.9566819819865,
3902.5096767023642,3905.7109972103926,3905.7109972103926,3905.7109972103926,3905.7109972103926,3905.7109972103926,3905.7109972103926,3905.7109972103926,3905.7109972103926,3905.7109972103926,
3904.8988739769975,3904.2985565082754,3904.2985565082754,3904.2985565082754,3904.2985565082754,3905.846411253579,3905.846411253579,3905.923700867117,3905.923700867117,3905.923700867117,
3905.9055875417826,3842.6292781414377,3897.3278030941196,3904.87735351919,3904.6975210969017,3905.5019050372025,3905.5019050372025,3905.8058052990355,3905.9208236121544,3905.850880905383,
3896.047867331266,3652.563871816964,3905.5328666076243,3905.5328666076243,3905.5328666076243,3905.5328666076243,3905.5328666076243,3905.5328666076243,3905.5328666076243,3905.5328666076243,
3904.799023499136,3859.084169275792,3902.6079105553895,3902.6079105553895,3904.858593869425,3904.858593869425,3904.94249203215,3904.94249203215,3904.94249203215,3905.003368983504,
3899.5297696309513,3901.704155137159,3901.704155137159,3901.704155137159,3903.5618444232823,3904.222791995335,3904.7184208620424,3904.930572228426,3904.930572228426,3904.930572228426,
3904.8398136982123,3900.7739779969297,3901.314048880236,3905.2493589736387,3905.2493589736387,3905.3738309236883,3905.3738309236883,3905.3738309236883,3905.3738309236883,3905.3738309236883,
3905.306978614304,3859.7487032773215,3905.7819834118673,3905.7819834118673,3905.7819834118673,3905.7819834118673,3905.7819834118673,3905.7819834118673,3905.7819834118673,3905.7819834118673,
3904.8896893011015,3900.8270944306755,3902.7010004347694,3904.251350911603,3905.6248455819427,3904.9607810239154,3904.9607810239154,3905.662162213399,3905.662162213399,3905.662162213399,
3905.4287809287507,3833.649840730631,3905.648106403274,3905.648106403274,3905.648106403274,3905.7381131195148,3905.90129649608,3905.90129649608,3905.919956903411,3905.92583829338,
3904.3758641154495,3904.3758641154495,3904.3758641154495,3905.2806900369437,3905.1244509544726,3905.1244509544726,3905.2806900369437,3905.849733723311,3905.711660001609,3905.711660001609,
3905.6807717097317,3887.121249774676,3901.928077381878,3905.440447848863,3905.440447848863,3904.9330618262898,3904.9330618262898,3904.9330618262898,3904.9330618262898,3904.9330618262898,
3905.924251853449,3855.9398565129663,3904.584855514324,3905.837914240513,3905.837914240513,3905.837914240513,3905.837914240513,3905.837914240513,3905.837914240513,3905.9267589169663,
3905.8091553651634,3865.25902537554,3902.1467770067225,3903.206625331502,3903.6779234702876,3905.8091553651634,3905.8091553651634,3905.8091553651634,3905.6829112493265,3905.6829112493265,
3902.852044836278,3837.580509229571,3900.7914780158576,3904.904049433397,3905.1248772256804,3905.1248772256804,3905.1248772256804,3905.172582303813,3905.172582303813,3905.172582303813,
3897.7306501495227,3885.5223595554185,3904.883457677589,3904.883457677589,3904.883457677589,3904.883457677589,3904.883457677589,3904.883457677589,3905.149015626778,3905.149015626778,
3902.1056177962078,3897.829029354693,3899.2118529861727,3903.875139801212,3903.875139801212,3904.53438572153,3904.97416693929,3904.97416693929,3905.629940171459,3905.629940171459,
3904.887176650197,3897.1442248665126,3902.0603882735313,3905.4793283947247,3905.0430197943106,3905.0430197943106,3905.0430197943106,3905.0430197943106,3905.0430197943106,3905.0430197943106,
3904.0574771815077,3903.6837192043267,3904.471242299512,3904.471242299512,3904.471242299512,3905.245453306266,3905.6391691454373,3905.6391691454373,3905.6391691454373,3905.6391691454373,
3905.923883911165,3892.9621078499868,3902.2595943646443,3904.406887512573,3905.4144661309574,3905.4144661309574,3905.4144661309574,3905.4144661309574,3905.550789678264,3905.857671918877,
3904.8149688301874,3848.3566261706014,3899.4036853178104,3904.092744734176,3905.3482450584033,3905.3482450584033,3905.3482450584033,3905.0924699055586,3905.0924699055586,3905.0924699055586,
3905.7974200425574,3875.106272706987,3900.413743236929,3903.890033798177,3903.890033798177,3905.5345000113875,3904.80710267922,3904.828839443715,3905.5345000113875,3905.5345000113875,
3903.386332048569,3892.891369393157,3892.891369393157,3905.794646711119,3904.8369535350434,3904.8369535350434,3904.8369535350434,3905.794646711119,3905.794646711119,3905.794646711119,
3905.3836498463716,3901.9276316193445,3904.479976475165,3905.3637651582985,3905.3637651582985,3905.3637651582985,3905.3637651582985,3905.3637651582985,3905.3637651582985,3905.3637651582985,
3903.3461583807025,3890.605773565474,3895.4505000051768,3903.825541242275,3903.830859063767,3904.9906128034613,3904.9906128034613,3904.9906128034613,3904.9906128034613,3904.9906128034613,
3900.833601393575,3903.737027497957,3902.6051037152383,3905.2284576618567,3905.2284576618567,3905.2284576618567,3905.2284576618567,3905.2284576618567,3905.2284576618567,3905.2284576618567,
3903.668390330246,3850.130890147753,3905.3712143048324,3905.305422249101,3905.305422249101,3905.305422249101,3905.690041543633,3905.690041543633,3905.8708085286685,3905.9158374616613,
3905.544525449079,3887.029064623016,3904.729286599594,3904.729286599594,3904.729286599594,3904.729286599594,3904.9230402429894,3904.936558352939,3905.076304532478,3905.076304532478,
3904.994623317671,3901.9166145561076,3905.0762930815067,3905.0762930815067,3905.0762930815067,3905.0762930815067,3905.0762930815067,3905.0762930815067,3905.0762930815067,3905.0762930815067,
3905.21508813744,3815.277472491216,3904.673172518846,3904.673172518846,3905.928254020625,3905.928254020625,3905.928254020625,3905.928254020625,3905.929444482085,3905.929444482085,
3903.903616650389,3800.7215136157633,3896.705951986628,3905.2883258519932,3905.2883258519932,3904.828705231918,3904.828705231918,3905.1122399233327,3905.166054452278,3905.166054452278,
3905.7226883840863,3891.9114773326523,3903.700625347247,3905.745523462862,3905.745523462862,3905.745523462862,3905.923883599231,3905.923883599231,3905.923883599231,3905.923883599231,
3905.6882909794695,3900.360429660449,3901.089514647022,3905.6882909794695,3905.6882909794695,3905.6882909794695,3905.6882909794695,3905.6882909794695,3905.6882909794695,3905.9287270868513,
3905.6940810012757,3828.4487819177616,3901.64665958081,3900.632513879637,3904.9566376595767,3905.100440931661,3905.100440931661,3905.100440931661,3905.100440931661,3905.8935748710433,
3905.742165049155,3853.3999873721214,3904.3217328653623,3904.3217328653623,3905.679249951184,3905.679249951184,3905.679249951184,3905.679249951184,3905.848263297767,3905.9289054464493,
3899.9858897759727,3897.3602315306207,3901.2029651192383,3903.652589642425,3904.9918564164223,3904.9918564164223,3905.0250376331765,3905.133212474605,3905.133212474605,3905.133212474605,
3905.725640099947,3862.708036908209,3905.3983510063404,3905.3983510063404,3905.3983510063404,3905.3983510063404,3905.3983510063404,3905.3983510063404,3905.3983510063404,3905.3983510063404,
3901.759483601457,3886.0754097127883,3886.0754097127883,3904.363244086678,3904.848436441906,3905.0185288478046,3905.0185288478046,3905.0185288478046,3905.249093558575,3905.249093558575,
3905.7990966319717,3901.3609548403338,3901.3609548403338,3904.511191379103,3905.4915742744906,3905.4915742744906,3905.7548703595835,3905.899327249962,3905.910773278278,3905.929144901645,
3905.617228160087,3805.597711852934,3898.3394399143644,3904.825837060562,3904.825837060562,3904.825837060562,3904.8885367464727,3905.03676193039,3905.03676193039,3905.03676193039,
3902.462613870672,3905.6359150466656,3905.6359150466656,3899.9084273996477,3904.49834210477,3904.49834210477,3904.937764910232,3904.937764910232,3904.9882320313977,3904.9882320313977,
3903.061569010869,3903.609153690583,3901.7321458264296,3903.0874188613484,3905.521867968868,3905.521867968868,3905.521867968868,3905.785631892391,3905.8688900279913,3905.9292535622462,
3904.4845771432283,3893.8965750432358,3895.9029040021505,3903.400120905692,3904.5724934642117,3904.884700075741,3904.884700075741,3904.884700075741,3905.676173241908,3905.676173241908,
3904.955985599664,3889.834679978027,3889.834679978027,3901.031558555912,3904.0767633287837,3904.0767633287837,3905.135891770963,3905.860083755351,3905.860083755351,3905.860083755351,
3905.828666331289,3903.6751201242705,3903.6751201242705,3903.6751201242705,3904.6316085338362,3904.6316085338362,3905.3180198993705,3905.919828189751,3905.919828189751,3905.919828189751,
3905.647598402443,3903.9685559832474,3905.121609158547,3905.121609158547,3905.121609158547,3905.121609158547,3905.121609158547,3905.121609158547,3905.121609158547,3905.121609158547,
3899.3465585637064,3860.702262195153,3904.917930904157,3903.9195810210886,3903.9195810210886,3905.0524369512354,3905.0907853217573,3904.9652498977553,3905.0106393866263,3905.0106393866263,
3905.5271824430906,3902.7947511373745,3903.586133302316,3905.1051153892295,3905.1051153892295,3904.77194617674,3905.1051153892295,3905.1051153892295,3905.0422074705752,3905.0422074705752,
3902.1259066902076,3804.368742631018,3899.3184039161756,3905.759888189158,3905.759888189158,3905.759888189158,3905.759888189158,3905.759888189158,3905.759888189158,3905.759888189158,
3905.2830753158346,3885.264516277593,3900.5909939940607,3901.3910223525318,3905.500517640887,3904.2515386327673,3905.0195510686026,3905.9259221493835,3905.9259221493835,3905.9259221493835,
3905.6395528689113,3875.1376308724616,3905.0710632686087,3905.0710632686087,3905.0710632686087,3905.0710632686087,3905.0710632686087,3905.0710632686087,3905.0710632686087,3905.0710632686087,
3901.203180216726,3848.465563764384,3904.8015756344757,3904.8015756344757,3904.015543764704,3904.914720765213,3904.9686405039615,3904.9686405039615,3904.9686405039615,3905.7291315930183,
3905.778163751115,3895.8631699676475,3904.431399866429,3905.5889399349503,3905.5889399349503,3905.5889399349503,3905.5889399349503,3905.5889399349503,3905.5889399349503,3905.5889399349503,
3903.9527699123973,3862.5505176814463,3905.890019648022,3905.890019648022,3905.890019648022,3905.890019648022,3905.890019648022,3905.890019648022,3905.890019648022,3905.890019648022,
3902.6001924081784,3887.641146455694,3887.641146455694,3905.337188686558,3905.337188686558,3905.337188686558,3905.337188686558,3905.337188686558,3905.337188686558,3905.337188686558,
3905.176896671874,3887.1533045846218,3900.123774299643,3905.176896671874,3905.0344775743906,3905.0344775743906,3905.0344775743906,3905.0344775743906,3905.0344775743906,3905.065078410782,
3905.9080155304446,3899.4104009056605,3899.4104009056605,3903.603909031754,3904.5914335890666,3904.814770609803,3904.814770609803,3904.981676362797,3904.981676362797,3905.4324824787163,
3901.914771485107,3892.1408919823534,3904.8940831796585,3905.5247037459603,3905.5247037459603,3905.5247037459603,3905.5247037459603,3905.5247037459603,3905.5247037459603,3905.5247037459603,
3900.1482462439444,3903.707189557981,3903.707189557981,3901.5825031033783,3903.707189557981,3904.8027368937765,3904.7843670996235,3904.8845865556736,3905.1409655511698,3905.065018074422,
3905.299714909277,3834.688419306095,3904.1071260532326,3902.7310428660385,3905.247320173533,3905.247320173533,3905.247320173533,3905.247320173533,3905.247320173533,3905.247320173533,
3899.5150458505423,3886.3840983587324,3897.381794627363,3904.5677074210644,3905.201137129839,3905.201137129839,3905.201137129839,3905.201137129839,3905.201137129839,3905.201137129839,
3905.590783166687,3847.4344027444613,3895.9462986013536,3905.215251159562,3905.215251159562,3905.5765375067517,3905.5765375067517,3905.5765375067517,3905.9298731458866,3905.926826359381,
3905.4112676422665,3904.5472027643177,3904.5472027643177,3904.5472027643177,3904.5472027643177,3904.5472027643177,3904.5472027643177,3904.7639249412528,3905.653449875508,3905.653449875508,
3903.7840476380866,3899.2142033250484,3899.2142033250484,3901.346966000558,3904.6612518241313,3904.6612518241313,3904.987572012044,3904.987572012044,3904.987572012044,3904.987572012044,
3902.8221313024796,3904.4654298272503,3904.4654298272503,3904.4654298272503,3904.4654298272503,3904.4654298272503,3904.4654298272503,3905.032972491841,3904.989588047061,3904.989588047061,
3905.3619568343906,3898.1962707625758,3902.2948937857177,3905.070854205198,3905.070854205198,3905.070854205198,3905.070854205198,3905.070854205198,3905.070854205198,3905.070854205198,
3905.846825860326,3898.313191756769,3898.313191756769,3900.2850504858825,3903.7576939015366,3904.582940670701,3904.886999269836,3904.921925613463,3904.921925613463,3905.025346206952,
3903.542273951407,3903.8612459294836,3896.330908420921,3903.8612459294836,3903.8612459294836,3905.852832694133,3905.852832694133,3905.852832694133,3905.852832694133,3905.852832694133,
3905.783167051402,3900.3283560120276,3902.733307567611,3905.2646866345626,3905.2646866345626,3905.2646866345626,3905.2646866345626,3905.2646866345626,3905.7907421993696,3905.5797431705314,
3905.8830663181234,3905.841980690916,3905.841980690916,3905.841980690916,3905.841980690916,3905.841980690916,3905.841980690916,3905.841980690916,3905.841980690916,3905.841980690916,
3905.777590031892,3862.488386607672,3897.1004174878567,3905.521101268859,3904.9433409912044,3904.9433409912044,3904.9433409912044,3905.521101268859,3905.521101268859,3905.521101268859,
3905.18239532459,3905.076649636982,3905.9297601197904,3905.9297601197904,3905.9297601197904,3905.9297601197904,3905.9297601197904,3905.9297601197904,3905.9297601197904,3905.9297601197904,
3901.1524342088815,3889.7155268777974,3889.7155268777974,3904.962834679943,3904.962834679943,3904.962834679943,3905.2954984382313,3905.2954984382313,3905.864842845861,3905.864842845861,
3904.4956919720435,3874.6231490746277,3904.9704113599764,3905.0799712432267,3905.0799712432267,3905.0799712432267,3905.0799712432267,3905.0799712432267,3905.0799712432267,3905.0799712432267,
3905.3850811297066,3898.2335240455327,3898.2335240455327,3903.294949643637,3904.824288573118,3904.824288573118,3904.9740698403066,3905.0200716320514,3905.0200716320514,3905.0200716320514,
3905.14547225902,3820.795620139945,3905.570529451874,3905.570529451874,3905.570529451874,3905.570529451874,3905.570529451874,3905.570529451874,3905.570529451874,3905.570529451874,
3905.670202651611,3861.1475502346116,3905.542594578092,3905.542594578092,3905.542594578092,3905.542594578092,3905.542594578092,3905.542594578092,3905.542594578092,3905.542594578092,
3905.1498836232972,3883.0538954707736,3902.000731852034,3905.532995825824,3905.532995825824,3905.532995825824,3905.532995825824,3905.532995825824,3905.532995825824,3905.532995825824,
3904.7597717516064,3882.361499127883,3902.335719274242,3905.023863149553,3904.975361468396,3904.975361468396,3905.8245199708167,3905.8245199708167,3905.8245199708167,3905.8245199708167,
3904.3889819020515,3871.9877442727534,3883.5020695724957,3902.8696253058783,3902.8696253058783,3905.112711340774,3905.112711340774,3905.112711340774,3905.112711340774,3905.112711340774,
3904.754591403249,3867.7663945371933,3902.649620300306,3905.738241825562,3905.179716534087,3905.179716534087,3905.179716534087,3905.738241825562,3905.916497019625,3905.916497019625,
3905.801063549047,3885.998172229389,3905.0330842385847,3905.0330842385847,3905.0330842385847,3905.0330842385847,3905.15954068731,3905.15954068731,3905.15954068731,3905.15954068731,
3903.7628505336625,3855.4262193408654,3905.5469820033068,3905.5469820033068,3905.5469820033068,3905.5469820033068,3905.5469820033068,3905.5469820033068,3905.5469820033068,3905.5469820033068,
3901.2275525349232,3879.496546475842,3905.029783825595,3905.029783825595,3905.029783825595,3905.029783825595,3905.005102739843,3905.005102739843,3905.029783825595,3905.6633913879723,
3903.1878024893035,3878.856792128654,3903.689621821542,3904.748945848359,3904.748945848359,3904.748945848359,3905.9286407521454,3905.9286407521454,3905.9286407521454,3905.9286407521454,
3905.535060151697,3877.779621289672,3893.1895463729193,3904.26847802419,3904.4546145294357,3905.0027600598523,3905.0027600598523,3904.859455008297,3905.0027600598523,3905.0027600598523,
3899.5548122087107,3891.349026310141,3904.6501582003093,3904.6501582003093,3904.918154008017,3904.918154008017,3904.918154008017,3904.918154008017,3904.918154008017,3904.918154008017,
3903.777231163916,3774.1133505100574,3903.2627902538325,3904.823822886036,3904.823822886036,3904.823822886036,3904.980151489678,3904.980151489678,3904.999693347773,3904.999693347773,
3905.580458836772,3901.4262113426657,3901.4262113426657,3901.4262113426657,3904.5586006255403,3904.5586006255403,3905.0035660189765,3905.0035660189765,3905.0035660189765,3905.0035660189765,
3902.0068524213752,3895.107820179194,3895.107820179194,3905.347626769082,3905.347626769082,3905.347626769082,3905.347626769082,3905.347626769082,3905.347626769082,3905.347626769082,
3903.6545238711374,3899.5970113941385,3903.3734591290495,3903.3734591290495,3905.6344590479757,3905.875340900499,3905.875340900499,3905.880386831277,3905.92417129089,3905.92417129089,
3904.7923284938365,3898.482570827115,3898.482570827115,3898.482570827115,3905.8864658781536,3905.8864658781536,3905.8864658781536,3905.8864658781536,3905.8864658781536,3904.916193001291,
3904.8016774054618,3901.259305938518,3902.836998211532,3902.836998211532,3904.4468284727745,3904.8121996924683,3904.8121996924683,3904.9911118016717,3904.9911118016717,3904.9911118016717,
3905.526079629647,3830.465366400912,3904.783834132167,3905.5095549716016,3904.9804978848415,3904.9804978848415,3905.735122479971,3905.735122479971,3905.735122479971,3905.735122479971,
3904.135220713319,3890.020769873567,3897.933465144469,3903.204722858131,3904.314851686095,3904.314851686095,3904.9565800965856,3904.9565800965856,3904.8920211913482,3905.0414850850266,
3903.4883840273815,3904.1078989827697,3904.1078989827697,3904.1078989827697,3904.872642407393,3904.872642407393,3904.990189383086,3905.043140007687,3905.043140007687,3905.043140007687,
3905.248742853382,3905.248742853382,3905.248742853382,3905.248742853382,3905.248742853382,3905.248742853382,3905.248742853382,3905.248742853382,3905.248742853382,3905.248742853382,
3905.4367065495853,3802.9002476880646,3901.3720674992383,3905.3062918289565,3905.853468732224,3905.853468732224,3905.853468732224,3905.853468732224,3905.8705011993584,3905.8991341743927,
3904.6808691911606,3875.3569402470166,3896.9315482967554,3905.586673226891,3905.654684440743,3905.654684440743,3905.654684440743,3905.9203044610977,3905.9203044610977,3905.9203044610977,
3904.9509436759095,3888.809149490407,3902.832782292486,3902.832782292486,3904.965501374113,3904.965501374113,3904.965501374113,3904.965501374113,3904.965501374113,3904.965501374113,
3902.959636937987,3905.2569452489815,3905.2569452489815,3905.2569452489815,3905.2569452489815,3905.3230334789714,3905.713895718264,3905.846676167454,3905.846676167454,3905.846676167454,
3905.838849283187,3905.5687253526035,3905.5687253526035,3905.5687253526035,3905.5687253526035,3905.5687253526035,3905.6860741480896,3905.6860741480896,3905.6860741480896,3905.6860741480896,
3905.8155903078778,3863.984895697733,3905.1186785330005,3905.594925516849,3905.594925516849,3905.7575453194063,3905.7575453194063,3905.7575453194063,3905.865483272645,3905.865483272645,
3905.111212064311,3895.8761864148605,3895.8761864148605,3904.415559619071,3904.7854776544254,3904.723707815883,3905.01147128239,3905.01147128239,3905.01147128239,3905.01147128239,
3905.865775710968,3896.042626100337,3895.3095237631774,3900.7084996196627,3903.6418845560233,3904.8901480493973,3905.0319302983135,3905.0319302983135,3905.0319302983135,3905.1652125144133,
3904.7748342525497,3818.265410585987,3897.6943487479807,3904.5278195910378,3904.979720295538,3905.014857166477,3905.014857166477,3905.2488763019455,3905.2488763019455,3905.2488763019455,
3905.874078421723,3896.7731327677325,3903.487859989731,3905.873026614466,3905.873026614466,3905.873026614466,3905.873026614466,3905.873026614466,3905.873026614466,3905.873026614466,
3905.6544357583534,3853.836974155028,3894.796848514423,3903.337023803169,3904.9872280024138,3904.982028114164,3904.913865030226,3904.9838450872758,3904.9838450872758,3904.9838450872758,
3905.03548713221,3899.3335380863455,3899.3335380863455,3904.4785917844483,3904.4785917844483,3905.418109757367,3905.418109757367,3905.418109757367,3905.418109757367,3905.418109757367,
3902.33596877738,3899.149469297565,3899.149469297565,3905.210904440537,3904.886118116331,3904.886118116331,3905.210904440537,3905.0392431151154,3905.0392431151154,3905.0392431151154,
3897.768779852297,3888.5129429597578,3888.5129429597578,3904.41723334002,3903.601529620767,3904.9540261107286,3904.9540261107286,3904.9540261107286,3905.0990835685325,3905.0990835685325,
3901.4849752349555,3901.4849752349555,3901.4849752349555,3901.4849752349555,3904.6314738458987,3904.6314738458987,3904.6314738458987,3904.9923828437886,3904.9923828437886,3905.4091870463776,
3902.967111567775,3884.994429058242,3900.4426689422944,3900.4426689422944,3904.5873871668896,3904.5873871668896,3904.8661758981393,3905.0064623597546,3905.0706725157684,3905.0706725157684,
3894.4308870416244,3904.650976806689,3892.3630374512663,3904.650976806689,3904.650976806689,3904.650976806689,3905.028104151153,3905.028104151153,3905.028104151153,3905.028104151153,
3905.089644187593,3876.490310287925,3903.5122759741143,3904.0967147866154,3904.0967147866154,3904.793535536189,3905.872246303213,3905.872246303213,3905.872246303213,3905.872246303213,
3902.5116047879515,3844.0997089037814,3902.356323315061,3904.3797025539443,3904.3797025539443,3904.774120547489,3904.868371208653,3905.1164202352447,3905.2129717138805,3905.2129717138805,
3904.2799707246595,3868.7638933921708,3905.769943398959,3905.769943398959,3905.769943398959,3905.769943398959,3905.769943398959,3905.769943398959,3905.769943398959,3905.769943398959,
3905.601297897924,3901.8919657314077,3903.150692013694,3903.150692013694,3904.8279815005976,3904.970727270665,3904.9989414779507,3904.9989414779507,3905.6025106897105,3905.888310929086,
3903.23742562091,3901.9798675608413,3901.9798675608413,3903.4107842548324,3905.0217075386686,3905.0671271123706,3905.0671271123706,3905.0671271123706,3905.0671271123706,3905.0686952443275,
3905.1766838308167,3879.9517247938397,3897.8141885610994,3903.220996010582,3904.0700505658865,3904.871793212497,3904.871793212497,3904.871793212497,3905.0329605095008,3905.0329605095008,
3905.046046265507,3885.6538477335835,3880.701803230641,3902.9684125413833,3905.0167489645337,3905.0167489645337,3905.0167489645337,3905.0167489645337,3905.0167489645337,3905.215646016731,
3905.488069974483,3873.386559249624,3886.997284341034,3904.3523085971365,3903.5350173108063,3904.3523085971365,3904.8785127552765,3905.2317045596174,3905.2317045596174,3905.2317045596174,
3905.5895982952757,3848.602803758828,3899.6063981520556,3901.698908932479,3905.199111453363,3905.199111453363,3905.199111453363,3905.8419885267294,3905.8419885267294,3905.8419885267294,
3905.243090004239,3883.9544372852242,3890.9998114608784,3901.9058085764045,3904.8242544838404,3904.8242544838404,3905.0807162177166,3905.910011094779,3905.910011094779,3905.910011094779,
3905.108935221776,3899.7946712217695,3899.7946712217695,3905.064733130506,3905.064733130506,3905.064733130506,3905.064733130506,3905.064733130506,3905.073308362954,3905.226160558199,
3905.6938174105667,3898.9363585485653,3904.1124241402254,3904.1124241402254,3904.988034962263,3904.988034962263,3905.456473837638,3905.456473837638,3905.456473837638,3905.753360244198,
3904.795327394004,3851.316405612691,3901.5037651609982,3901.5037651609982,3905.3994428220612,3905.435123307777,3905.435123307777,3905.435123307777,3905.435123307777,3905.435123307777,
3899.9399994804166,3895.89411352272,3895.89411352272,3904.790606630756,3904.790606630756,3904.790606630756,3904.790606630756,3904.790606630756,3904.9328360593295,3905.01858009489,
3905.1491341167075,3826.3886481581508,3901.8849136406434,3905.454863397921,3905.454863397921,3905.454863397921,3905.454863397921,3905.454863397921,3905.454863397921,3905.454863397921,
3905.726582556843,3905.808950584833,3905.808950584833,3905.808950584833,3905.808950584833,3905.808950584833,3905.5713427214273,3905.5940412621476,3905.863508865934,3905.92208657003,
3905.3778502181285,3883.8756686883094,3899.085179132313,3904.8229047098366,3904.8229047098366,3905.103216996952,3905.103216996952,3905.103216996952,3905.103216996952,3905.103216996952,
3905.801887979349,3864.9195932528655,3899.7624344435762,3905.3647790725086,3905.3647790725086,3905.3647790725086,3905.8597208418746,3905.8597208418746,3905.8597208418746,3905.8597208418746,
3905.906699687559,3893.9410643748192,3893.9410643748192,3902.6391239645754,3904.7190675967213,3904.7190675967213,3904.7190675967213,3904.7190675967213,3905.0133163185474,3905.0133163185474,
3905.539527814609,3904.068651372762,3904.068651372762,3905.4563588079022,3905.4563588079022,3905.4563588079022,3905.4563588079022,3905.4563588079022,3905.4563588079022,3905.4563588079022,
3903.2687126040532,3779.525733691554,3888.646688812243,3905.1134952781827,3905.1134952781827,3905.1134952781827,3905.1134952781827,3905.1134952781827,3905.1134952781827,3905.1602058331396,
3905.416230510807,3895.852283303696,3895.852283303696,3904.609220620311,3905.10471159096,3905.10471159096,3905.10471159096,3905.10471159096,3905.10471159096,3905.10471159096,
3905.6829562507487,3822.4395814179493,3903.5612559058686,3904.712575341918,3904.712575341918,3905.9178615511564,3905.9178615511564,3905.9178615511564,3905.9178615511564,3905.9178615511564,
3904.318458703164,3904.1231822377567,3904.3837115741685,3904.3837115741685,3904.3837115741685,3904.8297325788117,3905.7029964297785,3905.126512341441,3905.2042776494623,3905.7029964297785,
3905.0714802064304,3880.966949544451,3905.829982029781,3905.829982029781,3905.829982029781,3905.829982029781,3905.829982029781,3905.829982029781,3905.829982029781,3905.829982029781,
3904.9189427887936,3904.9189427887936,3904.9189427887936,3904.9189427887936,3904.9189427887936,3904.9189427887936,3904.9189427887936,3904.9189427887936,3905.115104819381,3905.115104819381,
3904.629841695098,3896.2611288780554,3896.2611288780554,3905.6420160119387,3905.6420160119387,3905.6420160119387,3905.6420160119387,3905.6420160119387,3905.8354805068566,3905.929953137534,
3897.19602251459,3743.490338449018,3904.2593093645123,3904.8207305331166,3904.8440450167714,3904.8440450167714,3905.082343335418,3905.082343335418,3905.796936214862,3905.796936214862,
3903.2285812080536,3905.747473714261,3903.8902989250137,3903.8902989250137,3904.5104006204187,3905.0145576688774,3905.0145576688774,3905.0145576688774,3905.0145576688774,3905.0145576688774,
3905.1709404530043,3902.8252821496962,3903.1971423741907,3903.1971423741907,3904.639662994576,3905.2872615577166,3905.2872615577166,3905.2872615577166,3905.2872615577166,3905.2872615577166,
3905.860509188077,3828.3790213336015,3905.9293276389226,3905.9293276389226,3903.47448881748,3905.9293276389226,3905.655443102383,3905.655443102383,3905.655443102383,3905.8454577554166,
3903.1817692485797,3878.5798805265977,3902.073531205647,3904.0805921894134,3904.032502568182,3904.663483952554,3905.262287650999,3905.262287650999,3905.1168689361566,3905.1168689361566,
3905.07098636031,3903.1061344719083,3903.1061344719083,3903.1061344719083,3905.1497289202152,3905.131296836034,3905.131296836034,3905.858554012711,3905.858554012711,3905.858554012711,
3905.3729797117517,3898.2878436723927,3904.366503117115,3904.366503117115,3904.9840220954206,3904.9840220954206,3904.9840220954206,3904.9840220954206,3904.9461525042716,3904.9523849711504,
3905.809825728204,3905.356801508602,3905.356801508602,3905.356801508602,3905.356801508602,3905.356801508602,3905.356801508602,3905.356801508602,3905.356801508602,3905.356801508602,
3902.632414191051,3893.2696930117463,3903.0232587222563,3903.0232587222563,3904.9096135704854,3904.9096135704854,3904.9096135704854,3904.9096135704854,3905.085791430211,3905.085791430211,
3904.2949525864774,3872.954072959836,3898.7470349244577,3905.103071201539,3905.103071201539,3905.103071201539,3905.103071201539,3905.103071201539,3905.122894888776,3905.122894888776,
3896.1592854969826,3876.931323782149,3895.6350192534155,3905.372820627738,3905.372820627738,3905.372820627738,3905.372820627738,3905.372820627738,3905.372820627738,3905.372820627738,
3905.678361813611,3881.0519449266744,3901.665695598335,3904.583331866599,3904.995952398592,3904.995952398592,3904.995952398592,3904.995952398592,3904.995952398592,3904.995952398592,
3905.6359163739917,3871.0979288701037,3892.74419154742,3900.6044343941335,3905.0090918876135,3905.0090918876135,3905.0090918876135,3905.0090918876135,3905.0090918876135,3905.0090918876135,
3904.2420307012458,3845.1737836280327,3902.7240581041888,3904.7119864033184,3904.7119864033184,3904.7119864033184,3905.0405397650375,3905.0405397650375,3905.053775241863,3905.053775241863,
3905.655329558362,3787.107008967857,3901.0593394298403,3904.7144376246215,3904.7144376246215,3904.8919251865505,3904.8919251865505,3904.965999817472,3904.965999817472,3905.048983808042,
3903.165378598413,3888.0055374346325,3905.438673359706,3905.438673359706,3905.438673359706,3905.438673359706,3905.438673359706,3905.438673359706,3905.438673359706,3905.438673359706,
3905.903123531408,3899.9505226096517,3899.9505226096517,3905.925853866777,3905.925853866777,3905.925853866777,3905.925853866777,3905.925853866777,3905.925853866777,3905.928554488874,
3905.922199872504,3891.3698007328485,3904.60229894215,3904.910565309726,3905.896556456116,3905.896556456116,3905.896556456116,3905.896556456116,3905.896556456116,3905.896556456116,
3904.481742658211,3893.1576805435698,3903.80291783264,3903.80291783264,3904.468316738176,3904.6743757012164,3904.948443389943,3905.721198234604,3905.721198234604,3905.721198234604,
3902.6226038781297,3894.920337291448,3900.3814101976595,3905.8568849188155,3905.8568849188155,3905.8568849188155,3905.8568849188155,3905.8568849188155,3905.8568849188155,3905.8568849188155,
3905.9125476232352,3811.737488349785,3905.2492488771454,3905.2492488771454,3905.8436618856244,3905.8436618856244,3905.8436618856244,3905.8436618856244,3905.6349818545054,3905.8436618856244,
3902.866506169186,3848.8076400901236,3900.466506702498,3905.1488131125925,3905.1488131125925,3905.1488131125925,3905.1488131125925,3905.1488131125925,3905.1488131125925,3905.1488131125925,
3904.920646764335,3817.715368214607,3899.8713075046608,3902.240585146463,3904.867191887068,3904.867191887068,3905.7580583638955,3905.7580583638955,3905.7580583638955,3905.7580583638955,
3902.204996235299,3898.7552485260926,3898.7552485260926,3904.103463067153,3905.2398831355626,3905.2398831355626,3905.2398831355626,3905.2398831355626,3905.2398831355626,3905.2398831355626,
3905.4928327723787,3902.465332119696,3902.465332119696,3904.93355055387,3904.93355055387,3904.93355055387,3904.93355055387,3904.9531618675455,3904.9531618675455,3904.9531618675455,
3899.958730163976,3889.4820783174746,3902.490034547689,3902.490034547689,3905.37438280295,3905.37438280295,3905.37438280295,3905.37438280295,3905.37438280295,3905.37438280295,
3905.420341153633,3891.6228327255644,3903.9401812658566,3903.9401812658566,3904.9649310459386,3904.9649310459386,3904.9649310459386,3904.9649310459386,3904.9649310459386,3904.9649310459386,
3903.0890305928397,3885.8070627943976,3899.951846588749,3904.2371323429093,3904.2371323429093,3905.0634796872273,3905.0634796872273,3905.0634796872273,3905.0634796872273,3905.0634796872273,
3905.7277699503666,3904.474720309653,3904.474720309653,3904.7986878236075,3904.7986878236075,3904.7986878236075,3904.9688444423978,3904.8838806803537,3904.9102470290304,3904.9884359767,
3905.681695848438,3848.3967087396754,3904.827777689252,3904.827777689252,3904.827777689252,3904.938153334556,3905.6547037521095,3905.6547037521095,3905.8229641022695,3905.8069494446117,
3905.2538888164368,3812.4218116460283,3898.703597743841,3905.918701305732,3904.0250761076163,3905.535092525066,3905.535092525066,3905.8784378713026,3905.8784378713026,3905.9286855306286,
3905.883575180862,3903.822975200027,3903.822975200027,3904.157215777734,3904.912348435689,3904.912348435689,3904.912348435689,3905.2941008981693,3905.2941008981693,3905.878605345701,
3905.903638808226,3836.2457418870977,3903.38833326647,3903.38833326647,3905.861057485491,3905.861057485491,3905.861057485491,3905.861057485491,3905.861057485491,3905.874366396707,
3903.742584277805,3902.8251626978094,3902.8251626978094,3905.5690918393325,3905.5690918393325,3905.5690918393325,3905.5690918393325,3905.5690918393325,3905.5690918393325,3905.5690918393325,
3904.8508255820093,3902.8895773432937,3902.8895773432937,3902.8895773432937,3904.9199226413866,3904.9199226413866,3904.9199226413866,3904.9283175111764,3904.9382767673806,3905.064183741784,
3905.5193497077485,3873.4570510271055,3903.7511839783174,3904.9390174855057,3904.9390174855057,3904.9390174855057,3905.5649712568656,3905.5649712568656,3905.5649712568656,3905.5649712568656,
3895.9882338105203,3847.8447204200734,3902.0334463320833,3902.0334463320833,3904.2155150296735,3904.7155088642367,3904.919060751888,3904.9571830674454,3904.9571830674454,3905.045883348043,
3904.7612962497456,3818.194025599159,3904.853038653341,3905.1340456035946,3905.1340456035946,3905.1340456035946,3905.117965621085,3905.117965621085,3905.117965621085,3905.117965621085,
3902.6923104941893,3903.45278571357,3903.45278571357,3903.45278571357,3905.198067808064,3905.198067808064,3905.198067808064,3905.9241775782693,3905.9241775782693,3905.9241775782693,
3899.8097787560305,3776.957252444113,3904.727757368568,3904.727757368568,3904.727757368568,3904.727757368568,3904.925471662661,3905.178957299969,3905.178957299969,3905.178957299969,
3905.925639603912,3901.5728241291663,3901.5728241291663,3901.5728241291663,3905.6609810250584,3905.6609810250584,3905.6609810250584,3905.6609810250584,3905.6609810250584,3905.6609810250584,
3905.4723798092505,3887.061697836607,3904.398452720342,3904.398452720342,3904.398452720342,3904.398452720342,3905.1765352041243,3905.1765352041243,3905.1765352041243,3905.1765352041243,
3905.445517218574,3827.6067493808123,3903.724945299334,3903.724945299334,3904.3838257988755,3904.3838257988755,3905.8241796477746,3905.8241796477746,3904.942138459732,3904.942138459732,
3905.240770471742,3895.9819283908173,3895.9819283908173,3905.442404503742,3905.442404503742,3905.442404503742,3905.442404503742,3905.442404503742,3905.5387560636577,3905.5387560636577,
3905.525446597077,3881.503484703072,3899.2816187935127,3903.6661254169226,3903.520220005753,3905.0686641916277,3904.746702963333,3905.0686641916277,3905.0686641916277,3905.0686641916277,
3900.165762456703,3891.4636808316072,3889.524690395158,3905.9133255044717,3905.9133255044717,3905.7670652405927,3905.7670652405927,3905.7670652405927,3905.908430101477,3905.9285098404002,
3904.7553401155183,3905.015426334684,3905.015426334684,3905.015426334684,3905.015426334684,3905.015426334684,3905.015426334684,3905.015426334684,3905.015426334684,3905.245108978027,
3904.800567443568,3893.951819702551,3893.951819702551,3904.5965646806485,3904.5965646806485,3904.7878738587688,3905.367677363868,3905.367677363868,3905.367677363868,3905.367677363868,
3905.354194027463,3839.612420876712,3899.633127460798,3904.8318847318556,3904.8318847318556,3904.8318847318556,3905.6485141127037,3905.5551234411887,3905.5551234411887,3905.5551234411887,
3904.8765902857117,3804.3969858328082,3901.953357840242,3905.0533824784,3904.1850309150104,3904.905183505822,3904.905183505822,3904.905183505822,3905.0533824784,3905.0533824784,
3905.4344427311817,3905.4344427311817,3905.4344427311817,3905.4344427311817,3905.4344427311817,3905.4344427311817,3905.921956313333,3905.921956313333,3905.921956313333,3905.921956313333,
3905.8706790389956,3831.4584257862075,3896.814278920044,3905.032838767774,3905.1002431470492,3905.372896490941,3905.7094235035697,3905.8555492153705,3905.923908162879,3905.923908162879,
3904.6012838680613,3851.2790685747673,3888.228197965698,3905.2612464642675,3904.764455324539,3905.2612464642675,3905.2612464642675,3905.2612464642675,3905.2612464642675,3905.2612464642675,
3905.7649062379865,3874.8062195670104,3904.6982357994716,3904.785116578855,3904.785116578855,3905.3580740844295,3905.3580740844295,3905.5581075953432,3905.927992221323,3905.8526528128596,
3902.429152317859,3889.107266043614,3905.031764666234,3905.4283083620944,3905.4283083620944,3905.4283083620944,3905.4283083620944,3905.4283083620944,3905.4283083620944,3905.4283083620944,
3905.6223560668714,3903.5526700256405,3903.5526700256405,3903.5526700256405,3905.0026836205293,3905.0026836205293,3905.0026836205293,3905.0026836205293,3905.0026836205293,3905.0026836205293,
3904.0060106072638,3861.0181885843404,3902.8852104681146,3902.8852104681146,3903.1943005523403,3904.227332750279,3904.227332750279,3904.822895386428,3904.9944160224077,3904.9944160224077,
3904.8858399158817,3886.5392599899624,3905.8257581703706,3905.8257581703706,3905.8257581703706,3905.8257581703706,3905.8257581703706,3905.8257581703706,3905.8257581703706,3905.8257581703706,
3904.5692827007597,3903.5397649712822,3898.3149691163862,3903.1610108539476,3904.9063417502975,3904.9063417502975,3904.9063417502975,3904.9063417502975,3904.9063417502975,3905.049586819102,
3905.290878888505,3856.0903392574455,3903.1392602275605,3904.3656656650332,3904.3656656650332,3904.9661052357583,3904.9661052357583,3905.651528607524,3905.5684547868586,3905.5684547868586,
3905.3546379366003,3897.221960464733,3897.221960464733,3905.887682984412,3904.7756692239273,3904.7756692239273,3905.887682984412,3905.892978612142,3905.892978612142,3905.9048970404156,
3894.6847634420083,3900.887202280329,3900.887202280329,3900.887202280329,3904.2561106579233,3904.593285332025,3904.8704739652953,3904.84378378072,3904.888602529832,3904.9100806185597,
3901.232715039542,3777.837231728487,3905.6737266873574,3905.6737266873574,3905.6737266873574,3905.6737266873574,3905.6737266873574,3905.6737266873574,3905.6737266873574,3905.6737266873574,
3902.5607105958484,3899.5084734931334,3893.4919264667838,3903.9781755537006,3904.542470878261,3904.542470878261,3904.6843705427304,3905.113898969962,3905.0526844753836,3905.0526844753836,
3896.2094304482325,3879.8035479520613,3902.31918519834,3904.6958730837327,3904.6958730837327,3904.6958730837327,3904.968052186182,3904.968052186182,3905.9249658605663,3905.9249658605663,
3904.530268745308,3905.673118859175,3905.673118859175,3905.673118859175,3905.673118859175,3905.673118859175,3905.673118859175,3905.673118859175,3905.673118859175,3905.673118859175,
3905.442852735471,3883.943182193568,3905.192935438319,3905.192935438319,3905.8594284344795,3905.8594284344795,3905.8594284344795,3905.8594284344795,3905.8594284344795,3905.8639725449384,
3904.032062020761,3835.4979202203667,3900.6209621166586,3902.2475106002307,3904.7670626542304,3904.8796822411205,3905.2891123909367,3905.2891123909367,3905.2891123909367,3905.0207855961553,
3904.1852797279703,3901.5938057320027,3901.5938057320027,3904.0177413302104,3904.1767406546855,3904.970612383223,3904.9154103925575,3904.9154103925575,3905.153117585167,3905.0810358148806,
3903.020352966728,3806.3321278898534,3899.547280457758,3902.8356377547057,3904.878775632461,3904.878775632461,3904.878775632461,3904.878775632461,3905.1327522001543,3905.1327522001543,
3903.4768975947873,3901.230428783369,3901.230428783369,3902.7912475599214,3904.907938334891,3904.907938334891,3904.907938334891,3905.0653133503997,3905.0653133503997,3905.0231428016214,
3905.558009544516,3861.570495178758,3893.4073159152495,3903.830408534309,3905.060766943677,3905.256880612416,3905.256880612416,3905.256880612416,3905.256880612416,3905.256880612416,
3903.4629646701715,3888.2061472172004,3894.3509104868654,3904.2742073478003,3904.2742073478003,3904.372289783944,3904.6904299124767,3904.835483971476,3905.4953742926723,3905.0186038203606,
3905.4626150984195,3848.7098269408284,3904.923200391813,3904.923200391813,3904.5465220068922,3904.877655211682,3904.877655211682,3904.923200391813,3905.0825130366493,3905.0825130366493,
3902.336604232991,3890.473427530841,3905.628928347188,3905.628928347188,3905.628928347188,3905.628928347188,3905.628928347188,3905.628928347188,3905.628928347188,3905.628928347188,
3904.742127426416,3811.479437681639,3905.2274363564206,3905.2274363564206,3905.2274363564206,3905.4211002550755,3905.4211002550755,3905.4211002550755,3905.4211002550755,3905.7732786402603,
3896.2638043657626,3888.0392005375365,3888.0392005375365,3905.0406083600706,3905.0406083600706,3905.0406083600706,3905.0406083600706,3905.0406083600706,3905.0406083600706,3905.0406083600706,
3905.293212722986,3904.1819321707253,3904.1819321707253,3904.1819321707253,3904.459039952571,3905.293212722986,3905.293212722986,3905.293212722986,3904.9704508291516,3904.9823740880265,
3904.8604954159564,3901.6200233141467,3901.6200233141467,3903.040126307058,3905.502975928629,3905.502975928629,3905.502975928629,3905.502975928629,3905.502975928629,3905.502975928629,
3900.837727247518,3900.5111218094025,3900.5111218094025,3905.7163294315574,3905.7163294315574,3905.7163294315574,3905.7163294315574,3905.7163294315574,3905.7163294315574,3905.7163294315574,
3900.932761923956,3883.3930012612054,3897.289483262303,3905.091555089499,3904.5052862640214,3904.5052862640214,3905.0521908928367,3905.0521908928367,3905.0521908928367,3905.0521908928367,
3905.9065024970027,3883.7982046173092,3904.819987367466,3904.819987367466,3904.819987367466,3904.819987367466,3904.819987367466,3905.103525787191,3905.1221037294104,3905.1221037294104,
3905.186155748502,3873.5894503377176,3904.004766885789,3904.004766885789,3904.004766885789,3905.5818408291207,3905.5818408291207,3905.858239871157,3905.858239871157,3905.858239871157,
3905.871985313903,3880.8998085930607,3902.703009713099,3903.4327757411884,3905.6011445218423,3905.6011445218423,3905.6011445218423,3905.6011445218423,3905.6011445218423,3905.6011445218423,
3905.2799938805674,3862.5325057246882,3904.019196728645,3905.1757397918923,3905.1757397918923,3905.1757397918923,3905.1757397918923,3905.1757397918923,3905.1757397918923,3905.1757397918923,
3900.0427867233248,3887.3340413989295,3905.34073631667,3905.34073631667,3905.34073631667,3905.34073631667,3905.34073631667,3905.34073631667,3905.34073631667,3905.34073631667,
3904.9095571578896,3902.9274980401,3904.5688686356493,3904.5688686356493,3904.5688686356493,3904.7442164477684,3905.3337360673627,3905.3337360673627,3905.3337360673627,3905.364728468345,
3905.467691044638,3765.058995730065,3904.671309692676,3902.4644265843835,3905.0952163306747,3904.8605209614843,3904.8605209614843,3904.9109555837376,3905.0952163306747,3905.0952163306747,
3904.935575845655,3889.5622293772617,3904.6570274287506,3904.6570274287506,3904.6570274287506,3904.9205329571896,3904.9205329571896,3904.9205329571896,3905.005592373264,3905.005592373264,
3903.262353810993,3887.9455075179303,3902.2169136396074,3902.2169136396074,3904.2591604273125,3904.734788339529,3904.734788339529,3905.129366197746,3905.129366197746,3904.970294005817,
3905.798317371099,3869.4560120695337,3903.354091297927,3903.354091297927,3902.729632019784,3904.2301863744074,3905.12522954223,3905.12522954223,3905.12522954223,3905.12522954223,
3905.120125233108,3901.472764633939,3901.472764633939,3901.472764633939,3904.7630079861515,3904.7630079861515,3904.9928118681373,3905.928953945327,3905.928953945327,3905.928953945327,
3903.5296021600657,3903.6986036853577,3903.6986036853577,3903.6986036853577,3905.6643779718993,3905.6643779718993,3905.6643779718993,3905.6643779718993,3905.6643779718993,3905.6643779718993,
3902.663125359002,3788.863534807456,3897.7809557750306,3905.439512687383,3905.439512687383,3905.439512687383,3905.0487986425956,3905.0487986425956,3905.0487986425956,3905.0487986425956,
3901.6874329555785,3903.1754427681267,3905.1908150793834,3905.1908150793834,3905.1908150793834,3905.1908150793834,3905.1908150793834,3905.1960479995055,3905.1960479995055,3905.1960479995055,
3904.858776211681,3904.858776211681,3904.858776211681,3904.858776211681,3904.858776211681,3904.858776211681,3904.858776211681,3905.217744723687,3905.049734358763,3905.049734358763,
3905.2907946438795,3894.8450663724857,3905.112935836868,3905.112935836868,3905.267556208357,3905.267556208357,3905.267556208357,3905.267556208357,3905.267556208357,3905.267556208357,
3903.22864043681,3813.68346301079,3900.3860321611573,3902.5882644893195,3904.700422206521,3904.700422206521,3904.9882632245785,3904.9882632245785,3904.9882632245785,3904.9882632245785,
3902.09162185339,3836.6491454189722,3905.301451742519,3905.301451742519,3905.301451742519,3905.301451742519,3905.301451742519,3905.301451742519,3905.301451742519,3905.301451742519,
3898.7141952236598,3862.471551203765,3898.7141952236598,3900.2035271332065,3903.6458381896605,3904.3970290509,3904.470380011405,3904.9752452186135,3905.0975981318757,3905.0975981318757,
3905.6767380623137,3862.3434686182877,3905.665249724508,3905.665249724508,3904.7041434966122,3905.665249724508,3905.665249724508,3905.665249724508,3905.665249724508,3905.665249724508,
3905.5666034725364,3888.5315281546177,3905.2770681995426,3905.2770681995426,3905.835248640621,3905.835248640621,3905.890526533093,3905.890526533093,3905.890526533093,3905.8950046482405,
3905.3887473090585,3846.5583335852225,3902.4129271535135,3904.0970521870863,3904.0970521870863,3904.8633374840615,3904.883437281152,3904.924631063323,3904.943002820348,3904.9622467202494,
3904.8524484065283,3900.934011393332,3900.934011393332,3904.859336781666,3904.859336781666,3904.859336781666,3904.859336781666,3905.135596376769,3905.7991500257135,3905.7991500257135,
3905.8561321048046,3811.370992031317,3903.9245115253534,3904.472167025107,3905.5400833972108,3905.657691044262,3905.657691044262,3905.657691044262,3905.657691044262,3905.6715924828954,
3905.910008749803,3900.362788982221,3900.3541867614563,3904.7937213073965,3904.7937213073965,3905.0662065796646,3905.8765452141424,3905.9163627974362,3905.9163627974362,3905.926013274133,
3905.00060367646,3877.005866859417,3904.3600461951783,3904.3600461951783,3905.6263253726574,3905.6263253726574,3905.6263253726574,3905.6263253726574,3905.6263253726574,3905.6263253726574,
3902.8867932044113,3875.196640921333,3905.3453070330947,3905.3453070330947,3905.50096375873,3905.50096375873,3905.50096375873,3905.50096375873,3905.50096375873,3905.852762192662,
3903.8380076285002,3885.8158193867353,3895.7676803151116,3903.6578508007674,3903.7124810113587,3905.6123852790065,3905.099612912431,3905.099612912431,3904.9380344038987,3905.099612912431,
3904.821129393188,3904.821129393188,3904.821129393188,3904.821129393188,3904.821129393188,3904.821129393188,3904.821129393188,3904.893235969847,3905.071059625692,3905.2864208479486,
3904.1385920948987,3875.7619421880095,3898.640314695784,3904.4104497151375,3905.168245129901,3905.168245129901,3905.168245129901,3905.168245129901,3905.168245129901,3905.600841630866,
3904.6388265922465,3892.4084503664053,3892.4084503664053,3905.6701578223247,3905.6701578223247,3905.6701578223247,3905.6701578223247,3905.6701578223247,3905.6701578223247,3905.6701578223247,
3903.574091938186,3897.3661546680014,3900.3532274239724,3902.3388390657396,3904.472212647438,3904.910901023869,3904.910901023869,3905.006126448202,3905.006126448202,3905.006126448202,
3904.5828517595523,3793.4980204837634,3897.398159406775,3903.2035437769487,3905.694670998794,3905.694670998794,3905.694670998794,3905.694670998794,3905.694670998794,3905.694670998794,
3905.768563171771,3901.311746631526,3901.311746631526,3901.311746631526,3904.6086886008293,3904.6086886008293,3905.633489319361,3905.021345535823,3905.021345535823,3905.0325203100983,
3900.575624844026,3884.3973699143476,3884.3973699143476,3905.1434831996685,3904.941034760034,3904.941034760034,3905.1434831996685,3905.1434831996685,3905.1434831996685,3905.1434831996685,
3903.2959444530284,3901.047027108822,3901.047027108822,3905.385757458031,3905.385757458031,3905.385757458031,3905.385757458031,3905.385757458031,3905.385757458031,3905.385757458031,
3902.746669925072,3902.746669925072,3902.746669925072,3905.423692264373,3905.423692264373,3905.423692264373,3905.423692264373,3905.423692264373,3905.423692264373,3905.423692264373,
3904.327655139834,3844.168058174931,3903.923167270545,3903.923167270545,3903.923167270545,3904.7639351289426,3904.773578296963,3905.0264762509582,3905.0264762509582,3905.0264762509582,
3899.344969770394,3880.7348860548163,3905.9184069121056,3905.9184069121056,3905.9184069121056,3905.9184069121056,3905.9184069121056,3905.9184069121056,3905.9184069121056,3905.9184069121056,
3904.624619608627,3860.5233557744887,3897.7246371164524,3903.434019937468,3904.5725526762626,3904.291836561052,3905.0400633857885,3905.0400633857885,3905.2549493424617,3905.924160340648,
3905.865624234723,3804.470734855983,3904.466381750749,3905.128092973783,3905.128092973783,3905.128092973783,3905.4888603204317,3905.4888603204317,3905.128092973783,3905.912943880649,
3902.385314643308,3901.859547545574,3901.859547545574,3905.8929585459505,3905.8929585459505,3905.8929585459505,3905.8929585459505,3905.8929585459505,3905.8929585459505,3905.8929585459505,
3903.890729728185,3892.1185134995144,3892.1185134995144,3905.001923958138,3905.6997625983827,3905.6997625983827,3905.6997625983827,3905.6997625983827,3905.6997625983827,3905.6997625983827,
3902.656744071232,3887.1431549616345,3892.118516495237,3902.2853252744158,3904.3413668358126,3904.7569466390114,3904.8973529534233,3904.8973529534233,3905.0194627248275,3905.0194627248275,
3905.2985329713956,3901.2520247743296,3905.3599799745207,3905.3599799745207,3905.3599799745207,3905.3599799745207,3905.3599799745207,3905.3599799745207,3905.3599799745207,3905.3599799745207,
3905.122861503102,3858.622634869928,3899.9546034880777,3903.264761930894,3904.29288866908,3905.067453630688,3905.067453630688,3905.067453630688,3905.067453630688,3905.067453630688,
3905.4291310240696,3853.7794110382233,3905.67031372502,3905.67031372502,3905.67031372502,3905.67031372502,3905.67031372502,3905.9133523176924,3905.9281920929557,3905.9281920929557,
3904.6199324435315,3799.1410659951553,3901.2419182221365,3905.5015159615978,3905.5015159615978,3905.5015159615978,3905.6003502164062,3905.6003502164062,3905.735432052084,3905.735432052084,
3890.824438810494,3874.904151878584,3901.961501153668,3905.1574975341214,3905.1574975341214,3905.1574975341214,3905.1574975341214,3905.1574975341214,3905.1574975341214,3905.1574975341214,
3904.8780569186665,3890.4245582150174,3905.8507732999456,3905.8507732999456,3905.8507732999456,3905.8507732999456,3905.8507732999456,3905.8507732999456,3905.8507732999456,3905.8507732999456,
3905.928388243022,3882.825270611691,3904.022716927179,3904.022716927179,3905.9186101317737,3905.9186101317737,3905.9186101317737,3905.921818032732,3905.921870400377,3905.929880874314,
3905.777292075652,3897.853320543336,3903.731156992836,3903.731156992836,3905.4568077931303,3904.979621107157,3905.4568077931303,3905.604313137305,3905.883760668979,3905.883760668979,
3903.8971364867543,3854.5642176653523,3905.2192851777536,3905.2104802144204,3905.2104802144204,3905.2104802144204,3905.2104802144204,3905.2104802144204,3905.6355750542834,3905.5663815102785,
3904.669648903854,3850.9936759552993,3903.529409927787,3903.529409927787,3904.94487841937,3904.656400674528,3904.94487841937,3904.94487841937,3905.0106555600146,3905.0106555600146,
3900.0762211898505,3888.591878360491,3888.591878360491,3904.579156517876,3904.579156517876,3905.50500976656,3905.50500976656,3905.7998768798593,3905.7998768798593,3905.7998768798593,
3905.549050065614,3899.4648527417544,3899.4648527417544,3904.9595517699895,3904.9595517699895,3904.9595517699895,3905.8104710808693,3905.8104710808693,3905.8104710808693,3905.8104710808693,
3904.7012496794337,3889.3564017139197,3903.5531511006457,3903.596903784441,3904.516236567767,3905.3047619436607,3905.3047619436607,3905.3047619436607,3905.3047619436607,3905.3047619436607,
3904.891538682419,3904.029178716882,3904.029178716882,3904.029178716882,3904.029178716882,3905.7834913706442,3905.7834913706442,3905.7834913706442,3905.7834913706442,3905.153314206421,
3902.7661035706556,3881.318768135043,3896.229477102631,3901.503064379667,3903.751519089869,3904.5709902382987,3904.66813193091,3904.8638667315613,3904.9157749908245,3904.9157749908245,
3903.999198590421,3892.205397518035,3892.205397518035,3903.5607225401436,3905.0753383388696,3904.9960794849403,3905.3681097931117,3905.3681097931117,3905.3681097931117,3905.3681097931117,
3905.8128573350264,3815.6781404990315,3904.3300244276406,3903.249452610408,3904.553049687155,3904.553049687155,3905.4076219859135,3905.6822628565833,3905.9116171077094,3905.92370452142,
3905.8817617726527,3899.2883548815753,3905.786627349837,3905.786627349837,3905.786627349837,3905.786627349837,3905.786627349837,3905.786627349837,3905.786627349837,3905.786627349837,
3905.6252611436666,3887.9368932081115,3905.2468995320105,3905.09370475775,3905.09370475775,3905.09370475775,3905.09370475775,3905.09370475775,3905.09370475775,3905.09370475775,
3905.2209785606724,3900.510176814082,3900.510176814082,3904.9983885098823,3904.9983885098823,3904.9983885098823,3904.9983885098823,3904.9983885098823,3905.0362000091072,3905.0362000091072,
3905.8184037937244,3847.8513609177558,3899.5987212302057,3901.743081999023,3904.8361502985376,3905.68709073815,3905.68709073815,3905.68709073815,3905.68709073815,3905.68709073815,
3905.929944204801,3893.11244729331,3893.11244729331,3901.786461745097,3904.827853602648,3904.878657507828,3904.878657507828,3904.9063233481666,3905.1072987896882,3905.1072987896882,
3904.763942300377,3904.175148280618,3904.175148280618,3904.175148280618,3904.7888180220743,3904.7888180220743,3904.7888180220743,3905.0407154024438,3905.0407154024438,3905.0407154024438,
3904.956941309909,3905.11859450149,3905.11859450149,3905.11859450149,3905.11859450149,3905.11859450149,3905.11859450149,3905.11859450149,3905.11859450149,3905.11859450149,
3900.132247482527,3874.49138379917,3904.0055645981056,3904.0055645981056,3904.105937735422,3904.925162961232,3905.0205009449246,3905.0351242723286,3905.0351242723286,3905.0351242723286,
3904.9487699193687,3865.824130929387,3902.171399000005,3902.668787129038,3904.9982358214866,3904.9982358214866,3904.9982358214866,3905.9128000196724,3905.924441496294,3905.9268929281075,
3903.7343455393066,3903.2071605550586,3903.2773080157244,3903.2773080157244,3904.618094027729,3904.7037528762685,3904.7037528762685,3904.882532376599,3904.9254633481455,3904.9369835235298,
3905.7620378218508,3865.714395032671,3896.428139637536,3902.8613144609244,3904.8269433424703,3905.052349019793,3905.052349019793,3905.052349019793,3905.052349019793,3905.149397350132,
3905.9006146308648,3873.155530806632,3902.9339497293813,3903.216975400218,3904.9124312427407,3904.812487722419,3904.9736321392857,3905.2653570041166,3905.9294488779024,3905.9299023137764,
3905.4736194090897,3886.899887866332,3902.955187674689,3905.736264126048,3905.736264126048,3905.736264126048,3905.736264126048,3905.736264126048,3905.736264126048,3905.8875785546725,
3900.913212724637,3872.6994051032375,3897.666310002289,3905.3879855429864,3905.3879855429864,3905.3879855429864,3905.3879855429864,3905.3879855429864,3905.3879855429864,3905.3879855429864,
3905.593014329693,3901.841106418932,3901.841106418932,3905.623513552514,3905.623513552514,3904.651592553312,3905.623513552514,3905.623513552514,3905.623513552514,3905.2242896294324,
3904.3698720833363,3831.1308494774253,3902.5315303934944,3902.5315303934944,3905.0614861865256,3904.7214360661706,3905.2068872248437,3905.0391272657453,3905.0391272657453,3905.2105701617556,
3900.41684278086,3904.998982745442,3904.998982745442,3904.998982745442,3904.998982745442,3904.998982745442,3904.998982745442,3904.998982745442,3905.87665628105,3905.87665628105,
3903.8399658396247,3857.174524608757,3894.0483397297066,3904.061352464474,3904.061352464474,3905.0015260592004,3905.174134581108,3905.174134581108,3905.174134581108,3905.174134581108,
3905.559860286142,3857.1899005609034,3900.9996569954365,3905.391119758207,3905.706242298441,3905.706242298441,3905.920090575698,3905.8963595436367,3905.8963595436367,3905.8963595436367,
3905.8543602564037,3807.3441905581785,3896.86837683062,3905.174746447392,3904.791936345618,3904.9135325648813,3904.9135325648813,3905.0364410594816,3905.0364410594816,3905.0364410594816,
3905.071427258992,3897.1206981959026,3905.257347828504,3905.257347828504,3905.257347828504,3905.257347828504,3905.9030399631065,3905.9030399631065,3905.8938917443306,3905.92573082096,
3905.734412566876,3896.573270347692,3896.573270347692,3904.4362852847385,3905.1931150966166,3905.1931150966166,3905.1931150966166,3905.1931150966166,3905.1931150966166,3905.1931150966166,
3903.025478622798,3894.431350226077,3903.0977070237877,3903.0977070237877,3903.0977070237877,3904.9883627357076,3904.9883627357076,3905.073143603479,3905.073143603479,3905.073143603479,
3904.879293658093,3894.911184394121,3904.594779571795,3904.594779571795,3905.2581233652754,3905.2581233652754,3904.9937253973662,3904.9937253973662,3904.9937253973662,3904.9937253973662,
3904.0267632803766,3859.9604898842404,3905.0772873501187,3905.0772873501187,3905.0772873501187,3905.0772873501187,3905.0772873501187,3905.0772873501187,3905.0772873501187,3905.0772873501187,
3905.403518129829,3886.716957809536,3894.7848779911105,3903.1366219441193,3904.2016938447146,3904.5895552595566,3905.1621527582433,3905.1621527582433,3905.1621527582433,3905.1621527582433,
3899.800177629088,3895.9086752537437,3895.9086752537437,3902.1408754634854,3904.5478279100253,3905.4148016689496,3905.4148016689496,3905.4148016689496,3905.4148016689496,3905.4148016689496,
3902.3852067809453,3904.3535863380375,3904.3535863380375,3904.3535863380375,3904.3535863380375,3904.7412958624877,3905.0004869580234,3904.9632732175783,3904.9632732175783,3905.0099964335004,
3904.1486590871536,3863.7472223346617,3891.7416786105027,3902.299495955708,3904.8339341899796,3904.9551308127716,3904.9551308127716,3904.9551308127716,3905.0543480820947,3905.0543480820947,
3904.3275831322658,3896.084019717174,3891.0355674417087,3902.9685710352287,3903.859530769645,3904.7432817156014,3904.7432817156014,3905.8346630220367,3905.9223785089343,3905.9223785089343,
3905.3542971424017,3793.4885973953405,3895.7388462991357,3905.3648461317316,3905.3648461317316,3905.3648461317316,3905.3648461317316,3905.3648461317316,3905.3648461317316,3905.593863841226,
3900.191041593501,3903.492827051325,3903.492827051325,3905.422976101564,3905.422976101564,3905.422976101564,3905.422976101564,3905.422976101564,3905.422976101564,3905.422976101564,
3904.277456385437,3852.133879515387,3904.6904379350412,3905.3434650516083,3905.3434650516083,3905.3434650516083,3905.3434650516083,3905.3434650516083,3905.3434650516083,3905.3434650516083,
3905.4889397352927,3901.3440155506355,3901.3440155506355,3901.3440155506355,3905.397548276871,3905.397548276871,3905.397548276871,3905.397548276871,3905.397548276871,3905.397548276871,
3901.28697645765,3788.665804165581,3899.9553689115505,3900.4499440870104,3905.0024814790086,3905.0024814790086,3905.0024814790086,3905.031852298443,3905.031852298443,3905.031852298443,
3904.783651309936,3847.6030988811863,3894.1183585316835,3902.412709539729,3904.3739901534923,3905.0359430468593,3905.0359430468593,3905.0359430468593,3905.0359430468593,3905.0359430468593,
3905.4508673116256,3860.3537634817226,3904.4779565605886,3904.9077090850587,3905.3309479407403,3905.3309479407403,3905.3309479407403,3905.3309479407403,3905.3309479407403,3905.3309479407403,
3904.2664934051454,3885.3445860111915,3894.8930985709158,3905.088216635723,3905.088216635723,3905.088216635723,3905.088216635723,3905.088216635723,3905.088216635723,3905.088216635723,
3904.702116922105,3890.889648182825,3890.889648182825,3904.5438737083027,3905.717858066275,3905.717858066275,3905.717858066275,3905.717858066275,3905.717858066275,3905.717858066275,
3905.923813854661,3827.695335300146,3902.9987315404223,3903.6335088919777,3904.7428725062364,3904.7428725062364,3904.876646393587,3904.9142684745434,3904.960035101754,3904.96703227853,
3902.741756337624,3859.5998186009274,3902.7588350902897,3902.7588350902897,3903.9968630871704,3904.835989859253,3905.431646964925,3905.431646964925,3905.431646964925,3905.2949587672547,
3905.471380909445,3885.1043236773266,3891.585409995675,3904.31750309021,3904.31750309021,3904.9840629998157,3904.9840629998157,3905.8307548908065,3905.8307548908065,3905.8307548908065,
3905.7579822875705,3856.077619773649,3904.3684234359985,3901.9734641997406,3905.916164850338,3905.916164850338,3905.916164850338,3905.916164850338,3905.916164850338,3905.916164850338,
3905.2709590287873,3880.062943797483,3899.42094397035,3905.320841164763,3905.320841164763,3903.968835262296,3905.320841164763,3905.2922983631593,3905.2922983631593,3905.2922983631593,
3894.246927179693,3889.1887627057367,3889.1887627057367,3905.4490804268894,3905.4490804268894,3905.4490804268894,3905.4490804268894,3905.4490804268894,3905.4490804268894,3905.4490804268894,
3903.7298396861015,3894.926115323429,3904.548987176827,3904.548987176827,3904.6720368238966,3905.795653523922,3905.795653523922,3905.795653523922,3905.122225682759,3905.122225682759,
3884.0591141126324,3849.742020605226,3882.222547174011,3904.021164535686,3903.6054728710683,3903.6054728710683,3904.9088162103626,3905.106595009571,3905.106595009571,3905.106595009571,
3898.1472212425115,3833.148973258578,3905.2614663322456,3905.2041558850487,3905.2041558850487,3905.2041558850487,3905.2041558850487,3905.9290685515048,3905.9290685515048,3905.9290685515048,
3905.224023011461,3828.562916406476,3901.2188927372576,3904.4724427774368,3904.4724427774368,3904.9336811932785,3904.9336811932785,3904.9336811932785,3904.9336811932785,3905.0122791971844,
3905.6047233927497,3885.036674744289,3903.6973181967073,3903.6973181967073,3904.536901353731,3904.994163349213,3904.994163349213,3904.994163349213,3904.994163349213,3904.994163349213,
3905.800303498228,3886.2398147462814,3897.0501260257606,3905.029303606988,3905.029303606988,3905.029303606988,3905.065616316856,3905.065616316856,3905.065616316856,3905.065616316856,
3904.2756973643463,3893.468643040001,3902.1774771952746,3905.181533580165,3905.4365581590105,3905.4365581590105,3905.4365581590105,3905.4365581590105,3905.4365581590105,3905.4365581590105,
3905.6035539744557,3864.2974224202194,3900.9693084549076,3903.7170646526374,3904.9416588263316,3904.9416588263316,3905.5348249671533,3905.7003311812427,3905.7003311812427,3905.7003311812427,
3902.430340695496,3839.90696727413,3890.2070405909676,3900.60301107439,3904.6725092039924,3904.6725092039924,3904.6725092039924,3904.7927098358255,3905.799566524546,3905.799566524546,
3904.3486129375856,3863.3204901972813,3902.2629551249997,3904.64726514868,3905.098058679834,3905.098058679834,3905.098058679834,3905.098058679834,3905.098058679834,3905.098058679834,
3905.89500908225,3859.49116893065,3904.6929287912635,3904.6929287912635,3904.6929287912635,3904.878841249397,3904.939763739929,3904.939763739929,3905.891980479322,3905.891980479322,
3903.0615678639083,3885.2588314502086,3885.2588314502086,3903.9001979094382,3903.9001979094382,3904.711151833399,3904.867775833544,3904.886127369776,3904.930108078913,3904.9578141615816,
3905.676938154115,3839.1078189290124,3903.788716012703,3904.7585294797236,3904.7585294797236,3904.7585294797236,3905.729872863734,3905.729872863734,3905.729872863734,3905.729872863734,
3904.338209209652,3861.2587055760373,3888.6635825754424,3902.7018862996824,3904.980432399858,3904.7223700168474,3905.2740840194097,3905.2740840194097,3905.2740840194097,3905.2740840194097,
3905.6271805749693,3849.262653073069,3889.5505442676395,3904.9805476473434,3904.9805476473434,3904.9805476473434,3905.1013997466225,3905.1013997466225,3905.1013997466225,3905.1013997466225,
3902.77494453405,3818.163626427379,3894.8818734141864,3903.0555678165306,3905.4317389330786,3904.805403030132,3904.805403030132,3904.9501554565322,3904.9501554565322,3905.4317389330786,
3905.8653003990808,3900.8502240521325,3905.5738272433096,3905.5738272433096,3905.5738272433096,3905.5738272433096,3905.5738272433096,3905.764408914555,3905.925906142032,3905.925906142032,
3901.723886745309,3882.9361700583486,3905.017393382149,3905.017393382149,3905.017393382149,3905.017393382149,3905.017393382149,3905.017393382149,3905.017393382149,3905.017393382149,
3904.192340141732,3898.017778904753,3898.7216734688222,3904.540457256177,3905.0500950882706,3905.0500950882706,3905.0500950882706,3905.0500950882706,3905.0500950882706,3904.9992459316045,
3904.951397634023,3897.231412888674,3897.231412888674,3902.551246436041,3902.551246436041,3905.391090494802,3905.391090494802,3905.391090494802,3905.391090494802,3905.391090494802,
3904.9199978864845,3858.276474353611,3903.676571821617,3903.676571821617,3903.676571821617,3905.6453298103656,3905.6453298103656,3905.6453298103656,3905.6453298103656,3905.927190207038,
3897.69066455743,3896.5882559416955,3897.800494832349,3905.1668994571132,3905.1668994571132,3905.1668994571132,3905.1668994571132,3905.1668994571132,3905.1668994571132,3905.1668994571132,
3904.5671983279663,3841.477325172271,3895.979468775143,3905.1087957519503,3905.1087957519503,3905.1087957519503,3905.1087957519503,3905.1087957519503,3905.1087957519503,3905.1879634737893,
3904.0477992041024,3693.3870590697425,3883.9913694301713,3901.990816789355,3905.736099351174,3904.516298525621,3904.1948284736254,3904.516298525621,3905.736099351174,3905.005195219899,
3904.24631606455,3827.776784079078,3897.1736986130827,3903.407234241675,3904.2391294620447,3904.907193163894,3904.9480078711063,3904.9778927651155,3904.9778927651155,3904.9778927651155,
3903.41496047651,3837.7629100512427,3904.178214954227,3905.627750644166,3904.060404957587,3904.6361909866005,3904.9265266357124,3905.627750644166,3905.627750644166,3905.627750644166,
3904.2222939333656,3897.9815654860186,3897.9815654860186,3905.082897522256,3904.921112088668,3904.921112088668,3904.921112088668,3905.1673399889055,3905.1673399889055,3905.1673399889055,
3905.564928383107,3848.7023585018414,3897.5278362034946,3904.8518615871712,3904.8518615871712,3905.2898520428466,3905.573109710213,3905.7914905259413,3905.7914905259413,3905.7914905259413,
3905.1761650951657,3902.342709625411,3902.342709625411,3902.342709625411,3903.884140013029,3904.726585522326,3904.912850867104,3904.912850867104,3905.8896964879523,3905.370486500809,
3905.584305232125,3832.195132264479,3900.8722371640183,3900.8722371640183,3903.918697985611,3904.7738628641796,3904.8536399767013,3904.9361947497614,3904.9361947497614,3904.9361947497614,
3905.5067171385926,3901.172344011961,3901.172344011961,3903.0145783046655,3904.88490112947,3905.0251384348917,3905.0251384348917,3904.946890340151,3904.946890340151,3905.0251384348917,
3902.6003110274687,3867.7086184523005,3905.9041654869106,3905.9041654869106,3905.9041654869106,3905.9041654869106,3905.9041654869106,3905.9041654869106,3905.9041654869106,3905.9205651154202,
3905.902834344978,3905.5724933295874,3904.439628421907,3905.255394359629,3905.255394359629,3905.609669499454,3905.609669499454,3905.609669499454,3905.609669499454,3905.609669499454,
3903.2027519136905,3861.6182952898516,3889.013309498996,3903.184302709187,3905.1611494854387,3905.1611494854387,3905.1611494854387,3905.1611494854387,3905.1611494854387,3905.1611494854387,
3905.152626163672,3866.095230375467,3904.3167099216876,3904.3167099216876,3904.5135586681654,3904.5135586681654,3905.908770236251,3905.8874461128316,3905.8874461128316,3905.8874461128316,
3905.896027065202,3798.0904372866717,3894.196531690915,3904.1943211474018,3904.940728892835,3905.00979835527,3905.509625709993,3905.845876030904,3905.845876030904,3905.845876030904,
3905.8011330475188,3811.3160632576323,3904.493381528532,3904.493381528532,3904.493381528532,3904.8874251221428,3905.7773485851762,3905.7773485851762,3905.8627775946275,3905.8627775946275,
3904.1996714543398,3895.7163056293175,3900.0873998983384,3905.4338102644656,3905.4338102644656,3904.7634903092444,3905.0036079723995,3905.0036079723995,3905.0036079723995,3905.0036079723995,
3904.781406080401,3896.217381680951,3898.0897316335468,3901.6630209114846,3905.906554600736,3905.906554600736,3904.9666767212543,3905.122067929931,3905.122067929931,3905.5040113725727,
3900.709961938382,3851.526123713162,3898.349645992496,3905.720294557569,3905.720294557569,3905.720294557569,3905.720294557569,3905.720294557569,3905.720294557569,3905.720294557569,
3904.8574327511164,3902.6186062459324,3902.6186062459324,3905.1837371759802,3905.1837371759802,3904.9620398960988,3905.9259913936057,3905.9262160185276,3905.9262160185276,3905.9262160185276,
3904.299763109478,3899.916940770958,3899.916940770958,3905.1602865975206,3905.1602865975206,3905.1602865975206,3905.1602865975206,3905.1602865975206,3905.1602865975206,3905.407940304521,
3905.23250876044,3905.23250876044,3905.23250876044,3905.23250876044,3905.23250876044,3905.23250876044,3905.23250876044,3905.23250876044,3905.23250876044,3905.23250876044,
3903.464841915422,3901.2212930978294,3901.2212930978294,3901.2212930978294,3904.7407357258144,3904.7849530672825,3904.7849530672825,3904.8780147183884,3904.8780147183884,3905.1638565489075,
3905.79861887383,3897.285367436275,3904.287965985921,3904.287965985921,3904.429820129495,3905.574408967371,3905.8657154029747,3905.8657154029747,3905.8657154029747,3905.9111604021136,
3902.6153869180484,3905.539351022111,3905.539351022111,3905.539351022111,3905.539351022111,3905.539351022111,3905.539351022111,3905.539351022111,3905.539351022111,3905.539351022111,
3904.8147607871924,3829.428292546739,3900.7418757923483,3904.202486723472,3904.2482783820433,3904.8388315915095,3905.807160681642,3905.9120585703413,3905.9120585703413,3905.9120585703413,
3901.3894616324947,3895.1705669807006,3902.6853444669096,3905.353712275238,3905.353712275238,3905.353712275238,3905.353712275238,3905.353712275238,3905.353712275238,3905.353712275238,
3905.148387770139,3887.0177771746057,3904.415138763313,3904.415138763313,3905.0597095745143,3905.0597095745143,3905.0597095745143,3905.0597095745143,3905.0597095745143,3905.0597095745143,
3905.371062130026,3905.371062130026,3905.371062130026,3905.371062130026,3905.371062130026,3905.371062130026,3905.371062130026,3905.371062130026,3905.371062130026,3905.371062130026,
3905.844654056373,3851.685688460944,3903.8490889440973,3904.061448988745,3904.061448988745,3905.1097488542823,3905.1097488542823,3905.1097488542823,3905.1097488542823,3905.1097488542823,
3905.1993257605977,3902.5238386689057,3902.5238386689057,3902.5238386689057,3905.104000146087,3905.807912169872,3905.807912169872,3905.807912169872,3905.807912169872,3905.807912169872,
